Le Tribunal;Richard Ruben;2024-01-04;https://www.theatre-tribunal.fr/wp-content/uploads/2023/12/Richard-Ruben-Procrastine-vierge.jpg;https://www.theatre-tribunal.fr/wp-content/uploads/2023/12/Prog-Tribunal-2024_14.jpg
Le Tribunal;Richard Ruben;2024-01-05;https://www.theatre-tribunal.fr/wp-content/uploads/2023/12/Richard-Ruben-Procrastine-vierge.jpg;https://www.theatre-tribunal.fr/wp-content/uploads/2023/12/Prog-Tribunal-2024_14.jpg
Le Tribunal;Richard Ruben;2024-01-06;https://www.theatre-tribunal.fr/wp-content/uploads/2023/12/Richard-Ruben-Procrastine-vierge.jpg;https://www.theatre-tribunal.fr/wp-content/uploads/2023/12/Prog-Tribunal-2024_14.jpg
Le Tribunal;Camille Giry;2024-01-11;https://www.theatre-tribunal.fr/wp-content/uploads/2023/12/AFFICHE40x60-VIERGE.jpg;https://www.theatre-tribunal.fr/wp-content/uploads/2024/01/Prog-Tribunal-2024_15.jpg
Le Tribunal;Camille Giry;2024-01-12;https://www.theatre-tribunal.fr/wp-content/uploads/2023/12/AFFICHE40x60-VIERGE.jpg;https://www.theatre-tribunal.fr/wp-content/uploads/2024/01/Prog-Tribunal-2024_15.jpg
Le Tribunal;Camille Giry;2024-01-13;https://www.theatre-tribunal.fr/wp-content/uploads/2023/12/AFFICHE40x60-VIERGE.jpg;https://www.theatre-tribunal.fr/wp-content/uploads/2024/01/Prog-Tribunal-2024_15.jpg
Le Tribunal;Aurélia Decker;2024-01-18;https://www.theatre-tribunal.fr/wp-content/uploads/2023/12/Aurelia-Decker.jpg;https://www.theatre-tribunal.fr/wp-content/uploads/2023/12/Prog-Tribunal-2024_16.jpg
Le Tribunal;Aurélia Decker;2024-01-19;https://www.theatre-tribunal.fr/wp-content/uploads/2023/12/Aurelia-Decker.jpg;https://www.theatre-tribunal.fr/wp-content/uploads/2023/12/Prog-Tribunal-2024_16.jpg
Le Tribunal;Aurélia Decker;2024-01-20;https://www.theatre-tribunal.fr/wp-content/uploads/2023/12/Aurelia-Decker.jpg;https://www.theatre-tribunal.fr/wp-content/uploads/2023/12/Prog-Tribunal-2024_16.jpg
Le Tribunal;Aurélia Decker;2024-01-21;https://www.theatre-tribunal.fr/wp-content/uploads/2023/12/Aurelia-Decker.jpg;https://www.theatre-tribunal.fr/wp-content/uploads/2023/12/Prog-Tribunal-2024_16.jpg
Le Tribunal;Yves Cusset;2024-01-25;https://www.theatre-tribunal.fr/wp-content/uploads/2023/12/Affiche-Netre-pas-ne-_-Yves-Cusset-2.jpg;https://www.theatre-tribunal.fr/wp-content/uploads/2023/12/Prog-Tribunal-2024_17.jpg
Le Tribunal;Yves Cusset;2024-01-26;https://www.theatre-tribunal.fr/wp-content/uploads/2023/12/Affiche-Netre-pas-ne-_-Yves-Cusset-2.jpg;https://www.theatre-tribunal.fr/wp-content/uploads/2023/12/Prog-Tribunal-2024_17.jpg
Le Tribunal;Yves Cusset;2024-01-27;https://www.theatre-tribunal.fr/wp-content/uploads/2023/12/Affiche-Netre-pas-ne-_-Yves-Cusset-2.jpg;https://www.theatre-tribunal.fr/wp-content/uploads/2023/12/Prog-Tribunal-2024_17.jpg
Le Tribunal;Arthur et la sorciere;2024-01-28;https://www.theatre-tribunal.fr/wp-content/uploads/2023/12/Arthur-et-la-sorciere.jpg;https://www.theatre-tribunal.fr/wp-content/uploads/2023/12/Prog-Tribunal-2024_19.jpg
Le Tribunal;Benjy Dotti;2024-02-01;https://www.theatre-tribunal.fr/wp-content/uploads/2023/12/AFFICHE-BENJY-DOTTI-@THOMASBRAUT-.jpg;https://www.theatre-tribunal.fr/wp-content/uploads/2023/12/Prog-Tribunal-2024_110.jpg
Le Tribunal;Benjy Dotti;2024-02-02;https://www.theatre-tribunal.fr/wp-content/uploads/2023/12/AFFICHE-BENJY-DOTTI-@THOMASBRAUT-.jpg;https://www.theatre-tribunal.fr/wp-content/uploads/2023/12/Prog-Tribunal-2024_110.jpg
Le Tribunal;Benjy Dotti;2024-02-03;https://www.theatre-tribunal.fr/wp-content/uploads/2023/12/AFFICHE-BENJY-DOTTI-@THOMASBRAUT-.jpg;https://www.theatre-tribunal.fr/wp-content/uploads/2023/12/Prog-Tribunal-2024_110.jpg
Le Tribunal;Guigue et Plo;2024-02-08;https://www.theatre-tribunal.fr/wp-content/uploads/2023/12/Affiche-Guigue-et-Plo-HD.jpg;https://www.theatre-tribunal.fr/wp-content/uploads/2023/12/Prog-Tribunal-2024_111.jpg
Le Tribunal;Guigue et Plo;2024-02-09;https://www.theatre-tribunal.fr/wp-content/uploads/2023/12/Affiche-Guigue-et-Plo-HD.jpg;https://www.theatre-tribunal.fr/wp-content/uploads/2023/12/Prog-Tribunal-2024_111.jpg
Le Tribunal;Guigue et Plo;2024-02-10;https://www.theatre-tribunal.fr/wp-content/uploads/2023/12/Affiche-Guigue-et-Plo-HD.jpg;https://www.theatre-tribunal.fr/wp-content/uploads/2023/12/Prog-Tribunal-2024_111.jpg
Le Tribunal;Laurent Pit;2024-02-14;https://www.theatre-tribunal.fr/wp-content/uploads/2023/12/Laurent-Pit-2024.jpg;https://www.theatre-tribunal.fr/wp-content/uploads/2023/12/Prog-Tribunal-2024_112.jpg
Le Tribunal;Laurent Pit;2024-02-15;https://www.theatre-tribunal.fr/wp-content/uploads/2023/12/Laurent-Pit-2024.jpg;https://www.theatre-tribunal.fr/wp-content/uploads/2023/12/Prog-Tribunal-2024_112.jpg
Le Tribunal;Laurent Pit;2024-02-16;https://www.theatre-tribunal.fr/wp-content/uploads/2023/12/Laurent-Pit-2024.jpg;https://www.theatre-tribunal.fr/wp-content/uploads/2023/12/Prog-Tribunal-2024_112.jpg
Le Tribunal;Laurent Pit;2024-02-17;https://www.theatre-tribunal.fr/wp-content/uploads/2023/12/Laurent-Pit-2024.jpg;https://www.theatre-tribunal.fr/wp-content/uploads/2023/12/Prog-Tribunal-2024_112.jpg
Le Tribunal;Morgane Berling;2024-02-22;https://www.theatre-tribunal.fr/wp-content/uploads/2023/12/Morgane-Berling-Affiche.jpg;https://www.theatre-tribunal.fr/wp-content/uploads/2023/12/Prog-Tribunal-2024_113.jpg
Le Tribunal;Morgane Berling;2024-02-23;https://www.theatre-tribunal.fr/wp-content/uploads/2023/12/Morgane-Berling-Affiche.jpg;https://www.theatre-tribunal.fr/wp-content/uploads/2023/12/Prog-Tribunal-2024_113.jpg
Le Tribunal;Morgane Berling;2024-02-24;https://www.theatre-tribunal.fr/wp-content/uploads/2023/12/Morgane-Berling-Affiche.jpg;https://www.theatre-tribunal.fr/wp-content/uploads/2023/12/Prog-Tribunal-2024_113.jpg
Le Tribunal;Thierry Marquet;2024-02-29;https://www.theatre-tribunal.fr/wp-content/uploads/2023/12/500-500.jpeg;https://www.theatre-tribunal.fr/wp-content/uploads/2023/12/Prog-Tribunal-2024_115.jpg
Le Tribunal;Thierry Marquet;2024-03-01;https://www.theatre-tribunal.fr/wp-content/uploads/2023/12/500-500.jpeg;https://www.theatre-tribunal.fr/wp-content/uploads/2023/12/Prog-Tribunal-2024_115.jpg
Le Tribunal;Thierry Marquet;2024-03-02;https://www.theatre-tribunal.fr/wp-content/uploads/2023/12/500-500.jpeg;https://www.theatre-tribunal.fr/wp-content/uploads/2023/12/Prog-Tribunal-2024_115.jpg
Le Tribunal;Zouzi;2024-03-02;https://www.theatre-tribunal.fr/wp-content/uploads/2023/04/Affiche-Zouzi.jpg;https://www.theatre-tribunal.fr/wp-content/uploads/2023/12/Prog-Tribunal-2024_116.jpg
Le Tribunal;Zouzi;2024-03-03;https://www.theatre-tribunal.fr/wp-content/uploads/2023/04/Affiche-Zouzi.jpg;https://www.theatre-tribunal.fr/wp-content/uploads/2023/12/Prog-Tribunal-2024_116.jpg
Le Tribunal;Femin’Expo;2024-03-05;https://www.theatre-tribunal.fr/wp-content/uploads/2023/12/Couleur-des-mots-Vero.jpg;https://www.theatre-tribunal.fr/wp-content/uploads/2023/12/Prog-Feminarte-202415.jpg
Le Tribunal;Femin’Expo;2024-03-06;https://www.theatre-tribunal.fr/wp-content/uploads/2023/12/Couleur-des-mots-Vero.jpg;https://www.theatre-tribunal.fr/wp-content/uploads/2023/12/Prog-Feminarte-202415.jpg
Le Tribunal;Femin’Expo;2024-03-07;https://www.theatre-tribunal.fr/wp-content/uploads/2023/12/Couleur-des-mots-Vero.jpg;https://www.theatre-tribunal.fr/wp-content/uploads/2023/12/Prog-Feminarte-202415.jpg
Le Tribunal;Femin’Expo;2024-03-08;https://www.theatre-tribunal.fr/wp-content/uploads/2023/12/Couleur-des-mots-Vero.jpg;https://www.theatre-tribunal.fr/wp-content/uploads/2023/12/Prog-Feminarte-202415.jpg
Le Tribunal;Femin’Expo;2024-03-09;https://www.theatre-tribunal.fr/wp-content/uploads/2023/12/Couleur-des-mots-Vero.jpg;https://www.theatre-tribunal.fr/wp-content/uploads/2023/12/Prog-Feminarte-202415.jpg
Le Tribunal;Femin’Expo;2024-03-10;https://www.theatre-tribunal.fr/wp-content/uploads/2023/12/Couleur-des-mots-Vero.jpg;https://www.theatre-tribunal.fr/wp-content/uploads/2023/12/Prog-Feminarte-202415.jpg
Le Tribunal;Femin’Expo;2024-03-11;https://www.theatre-tribunal.fr/wp-content/uploads/2023/12/Couleur-des-mots-Vero.jpg;https://www.theatre-tribunal.fr/wp-content/uploads/2023/12/Prog-Feminarte-202415.jpg
Le Tribunal;Femin’Expo;2024-03-12;https://www.theatre-tribunal.fr/wp-content/uploads/2023/12/Couleur-des-mots-Vero.jpg;https://www.theatre-tribunal.fr/wp-content/uploads/2023/12/Prog-Feminarte-202415.jpg
Le Tribunal;Femin’Expo;2024-03-13;https://www.theatre-tribunal.fr/wp-content/uploads/2023/12/Couleur-des-mots-Vero.jpg;https://www.theatre-tribunal.fr/wp-content/uploads/2023/12/Prog-Feminarte-202415.jpg
Le Tribunal;Femin’Expo;2024-03-14;https://www.theatre-tribunal.fr/wp-content/uploads/2023/12/Couleur-des-mots-Vero.jpg;https://www.theatre-tribunal.fr/wp-content/uploads/2023/12/Prog-Feminarte-202415.jpg
Le Tribunal;Femin’Expo;2024-03-15;https://www.theatre-tribunal.fr/wp-content/uploads/2023/12/Couleur-des-mots-Vero.jpg;https://www.theatre-tribunal.fr/wp-content/uploads/2023/12/Prog-Feminarte-202415.jpg
Le Tribunal;Femin’Expo;2024-03-16;https://www.theatre-tribunal.fr/wp-content/uploads/2023/12/Couleur-des-mots-Vero.jpg;https://www.theatre-tribunal.fr/wp-content/uploads/2023/12/Prog-Feminarte-202415.jpg
Le Tribunal;Femin’Expo;2024-03-17;https://www.theatre-tribunal.fr/wp-content/uploads/2023/12/Couleur-des-mots-Vero.jpg;https://www.theatre-tribunal.fr/wp-content/uploads/2023/12/Prog-Feminarte-202415.jpg
Le Tribunal;Femin’Expo;2024-03-18;https://www.theatre-tribunal.fr/wp-content/uploads/2023/12/Couleur-des-mots-Vero.jpg;https://www.theatre-tribunal.fr/wp-content/uploads/2023/12/Prog-Feminarte-202415.jpg
Le Tribunal;Femin’Expo;2024-03-19;https://www.theatre-tribunal.fr/wp-content/uploads/2023/12/Couleur-des-mots-Vero.jpg;https://www.theatre-tribunal.fr/wp-content/uploads/2023/12/Prog-Feminarte-202415.jpg
Le Tribunal;Femin’Expo;2024-03-20;https://www.theatre-tribunal.fr/wp-content/uploads/2023/12/Couleur-des-mots-Vero.jpg;https://www.theatre-tribunal.fr/wp-content/uploads/2023/12/Prog-Feminarte-202415.jpg
Le Tribunal;Femin’Expo;2024-03-21;https://www.theatre-tribunal.fr/wp-content/uploads/2023/12/Couleur-des-mots-Vero.jpg;https://www.theatre-tribunal.fr/wp-content/uploads/2023/12/Prog-Feminarte-202415.jpg
Le Tribunal;Femin’Expo;2024-03-22;https://www.theatre-tribunal.fr/wp-content/uploads/2023/12/Couleur-des-mots-Vero.jpg;https://www.theatre-tribunal.fr/wp-content/uploads/2023/12/Prog-Feminarte-202415.jpg
Le Tribunal;Femin’Expo;2024-03-23;https://www.theatre-tribunal.fr/wp-content/uploads/2023/12/Couleur-des-mots-Vero.jpg;https://www.theatre-tribunal.fr/wp-content/uploads/2023/12/Prog-Feminarte-202415.jpg
Le Tribunal;Femin’Expo;2024-03-24;https://www.theatre-tribunal.fr/wp-content/uploads/2023/12/Couleur-des-mots-Vero.jpg;https://www.theatre-tribunal.fr/wp-content/uploads/2023/12/Prog-Feminarte-202415.jpg
Le Tribunal;Femin’Expo;2024-03-25;https://www.theatre-tribunal.fr/wp-content/uploads/2023/12/Couleur-des-mots-Vero.jpg;https://www.theatre-tribunal.fr/wp-content/uploads/2023/12/Prog-Feminarte-202415.jpg
Le Tribunal;Femin’Expo;2024-03-26;https://www.theatre-tribunal.fr/wp-content/uploads/2023/12/Couleur-des-mots-Vero.jpg;https://www.theatre-tribunal.fr/wp-content/uploads/2023/12/Prog-Feminarte-202415.jpg
Le Tribunal;Femin’Expo;2024-03-27;https://www.theatre-tribunal.fr/wp-content/uploads/2023/12/Couleur-des-mots-Vero.jpg;https://www.theatre-tribunal.fr/wp-content/uploads/2023/12/Prog-Feminarte-202415.jpg
Le Tribunal;Femin’Expo;2024-03-28;https://www.theatre-tribunal.fr/wp-content/uploads/2023/12/Couleur-des-mots-Vero.jpg;https://www.theatre-tribunal.fr/wp-content/uploads/2023/12/Prog-Feminarte-202415.jpg
Le Tribunal;Femin’Expo;2024-03-29;https://www.theatre-tribunal.fr/wp-content/uploads/2023/12/Couleur-des-mots-Vero.jpg;https://www.theatre-tribunal.fr/wp-content/uploads/2023/12/Prog-Feminarte-202415.jpg
Le Tribunal;Femin’Expo;2024-03-30;https://www.theatre-tribunal.fr/wp-content/uploads/2023/12/Couleur-des-mots-Vero.jpg;https://www.theatre-tribunal.fr/wp-content/uploads/2023/12/Prog-Feminarte-202415.jpg
Le Tribunal;Femin’Expo;2024-03-31;https://www.theatre-tribunal.fr/wp-content/uploads/2023/12/Couleur-des-mots-Vero.jpg;https://www.theatre-tribunal.fr/wp-content/uploads/2023/12/Prog-Feminarte-202415.jpg
Le Tribunal;Femin’Expo;2024-04-01;https://www.theatre-tribunal.fr/wp-content/uploads/2023/12/Couleur-des-mots-Vero.jpg;https://www.theatre-tribunal.fr/wp-content/uploads/2023/12/Prog-Feminarte-202415.jpg
Le Tribunal;Femin’Expo;2024-04-02;https://www.theatre-tribunal.fr/wp-content/uploads/2023/12/Couleur-des-mots-Vero.jpg;https://www.theatre-tribunal.fr/wp-content/uploads/2023/12/Prog-Feminarte-202415.jpg
Le Tribunal;Femin’Expo;2024-04-03;https://www.theatre-tribunal.fr/wp-content/uploads/2023/12/Couleur-des-mots-Vero.jpg;https://www.theatre-tribunal.fr/wp-content/uploads/2023/12/Prog-Feminarte-202415.jpg
Le Tribunal;Femin’Expo;2024-04-04;https://www.theatre-tribunal.fr/wp-content/uploads/2023/12/Couleur-des-mots-Vero.jpg;https://www.theatre-tribunal.fr/wp-content/uploads/2023/12/Prog-Feminarte-202415.jpg
Le Tribunal;Femin’Expo;2024-04-05;https://www.theatre-tribunal.fr/wp-content/uploads/2023/12/Couleur-des-mots-Vero.jpg;https://www.theatre-tribunal.fr/wp-content/uploads/2023/12/Prog-Feminarte-202415.jpg
Le Tribunal;Femin’Expo;2024-04-06;https://www.theatre-tribunal.fr/wp-content/uploads/2023/12/Couleur-des-mots-Vero.jpg;https://www.theatre-tribunal.fr/wp-content/uploads/2023/12/Prog-Feminarte-202415.jpg
Le Tribunal;Femin’Expo;2024-04-07;https://www.theatre-tribunal.fr/wp-content/uploads/2023/12/Couleur-des-mots-Vero.jpg;https://www.theatre-tribunal.fr/wp-content/uploads/2023/12/Prog-Feminarte-202415.jpg
Le Tribunal;Femin’Expo;2024-04-08;https://www.theatre-tribunal.fr/wp-content/uploads/2023/12/Couleur-des-mots-Vero.jpg;https://www.theatre-tribunal.fr/wp-content/uploads/2023/12/Prog-Feminarte-202415.jpg
Le Tribunal;kamishibai;2024-03-06;https://www.theatre-tribunal.fr/wp-content/uploads/2023/12/kamishibai.jpg;https://www.theatre-tribunal.fr/wp-content/uploads/2023/12/Prog-Feminarte-202414.jpg
Le Tribunal;La Rouge;2024-03-06;https://www.theatre-tribunal.fr/wp-content/uploads/2023/12/Olivia-Correia-La-Rouge.jpg;https://www.theatre-tribunal.fr/wp-content/uploads/2023/12/Prog-Feminarte-20245.jpg
Le Tribunal;Julie Bigot;2024-03-07;https://www.theatre-tribunal.fr/wp-content/uploads/2023/12/Prog-Feminarte-20246.jpg;https://www.theatre-tribunal.fr/wp-content/uploads/2023/12/Prog-Feminarte-20247.jpg
Le Tribunal;Laura Charpentier;2024-03-08;https://www.theatre-tribunal.fr/wp-content/uploads/2023/12/FB_IMG_1699687653937-2.jpg;https://www.theatre-tribunal.fr/wp-content/uploads/2023/12/Prog-Feminarte-20249.jpg
Le Tribunal;5 filles couleur pêche;2024-03-09;https://www.theatre-tribunal.fr/wp-content/uploads/2022/12/Aff-5-filles-couleurs-peche.jpg;https://www.theatre-tribunal.fr/wp-content/uploads/2023/12/Prog-Feminarte-202411.jpg
Le Tribunal;Héroïnes;2024-03-10;https://www.theatre-tribunal.fr/wp-content/uploads/2023/12/1.jpg;https://www.theatre-tribunal.fr/wp-content/uploads/2023/12/Prog-Feminarte-202413.jpg
Le Tribunal;Stan;2024-03-14;https://www.theatre-tribunal.fr/wp-content/uploads/2023/12/Affiche-stan-1-page-001.jpg;https://www.theatre-tribunal.fr/wp-content/uploads/2023/12/Prog-Tribunal-2024_120.jpg
Le Tribunal;Stan;2024-03-15;https://www.theatre-tribunal.fr/wp-content/uploads/2023/12/Affiche-stan-1-page-001.jpg;https://www.theatre-tribunal.fr/wp-content/uploads/2023/12/Prog-Tribunal-2024_120.jpg
Le Tribunal;Stan;2024-03-16;https://www.theatre-tribunal.fr/wp-content/uploads/2023/12/Affiche-stan-1-page-001.jpg;https://www.theatre-tribunal.fr/wp-content/uploads/2023/12/Prog-Tribunal-2024_120.jpg
Le Tribunal;Fred Attard;2024-03-21;https://www.theatre-tribunal.fr/wp-content/uploads/2023/12/Affiche-COMME-UN-HAMSTER-Attard.jpg;https://www.theatre-tribunal.fr/wp-content/uploads/2023/12/Prog-Tribunal-2024_121.jpg
Le Tribunal;Fred Attard;2024-03-22;https://www.theatre-tribunal.fr/wp-content/uploads/2023/12/Affiche-COMME-UN-HAMSTER-Attard.jpg;https://www.theatre-tribunal.fr/wp-content/uploads/2023/12/Prog-Tribunal-2024_121.jpg
Le Tribunal;Fred Attard;2024-03-23;https://www.theatre-tribunal.fr/wp-content/uploads/2023/12/Affiche-COMME-UN-HAMSTER-Attard.jpg;https://www.theatre-tribunal.fr/wp-content/uploads/2023/12/Prog-Tribunal-2024_121.jpg
Le Tribunal;Bernard Azimuth;2024-03-28;https://www.theatre-tribunal.fr/wp-content/uploads/2023/12/Azimuth-BDCA.jpg;https://www.theatre-tribunal.fr/wp-content/uploads/2023/12/Prog-Tribunal-2024_122.jpg
Le Tribunal;Bernard Azimuth;2024-03-29;https://www.theatre-tribunal.fr/wp-content/uploads/2023/12/Azimuth-BDCA.jpg;https://www.theatre-tribunal.fr/wp-content/uploads/2023/12/Prog-Tribunal-2024_122.jpg
Le Tribunal;Bernard Azimuth;2024-03-30;https://www.theatre-tribunal.fr/wp-content/uploads/2023/12/Azimuth-BDCA.jpg;https://www.theatre-tribunal.fr/wp-content/uploads/2023/12/Prog-Tribunal-2024_122.jpg
Le Tribunal;Noémie Bousquainaud;2024-04-04;https://www.theatre-tribunal.fr/wp-content/uploads/2023/12/noemie-Bousquainaud-Affiche.jpg;https://www.theatre-tribunal.fr/wp-content/uploads/2023/12/Prog-Tribunal-2024_123.jpg
Le Tribunal;Noémie Bousquainaud;2024-04-05;https://www.theatre-tribunal.fr/wp-content/uploads/2023/12/noemie-Bousquainaud-Affiche.jpg;https://www.theatre-tribunal.fr/wp-content/uploads/2023/12/Prog-Tribunal-2024_123.jpg
Le Tribunal;Noémie Bousquainaud;2024-04-06;https://www.theatre-tribunal.fr/wp-content/uploads/2023/12/noemie-Bousquainaud-Affiche.jpg;https://www.theatre-tribunal.fr/wp-content/uploads/2023/12/Prog-Tribunal-2024_123.jpg
Le Tribunal;Denise Jardinière;2024-04-11;https://www.theatre-tribunal.fr/wp-content/uploads/2023/12/DENISE-JARNIERE-scaled-2980486032.jpg;https://www.theatre-tribunal.fr/wp-content/uploads/2023/12/Prog-Tribunal-2024_124.jpg
Le Tribunal;Denise Jardinière;2024-04-12;https://www.theatre-tribunal.fr/wp-content/uploads/2023/12/DENISE-JARNIERE-scaled-2980486032.jpg;https://www.theatre-tribunal.fr/wp-content/uploads/2023/12/Prog-Tribunal-2024_124.jpg
Le Tribunal;Denise Jardinière;2024-04-13;https://www.theatre-tribunal.fr/wp-content/uploads/2023/12/DENISE-JARNIERE-scaled-2980486032.jpg;https://www.theatre-tribunal.fr/wp-content/uploads/2023/12/Prog-Tribunal-2024_124.jpg
Le Tribunal;Audrey Perrin;2024-04-18;https://www.theatre-tribunal.fr/wp-content/uploads/2023/12/Affiche-Aquaplaning.jpg;https://www.theatre-tribunal.fr/wp-content/uploads/2023/12/Prog-Tribunal-2024_125.jpg
Le Tribunal;Audrey Perrin;2024-04-19;https://www.theatre-tribunal.fr/wp-content/uploads/2023/12/Affiche-Aquaplaning.jpg;https://www.theatre-tribunal.fr/wp-content/uploads/2023/12/Prog-Tribunal-2024_125.jpg
Le Tribunal;Audrey Perrin;2024-04-20;https://www.theatre-tribunal.fr/wp-content/uploads/2023/12/Affiche-Aquaplaning.jpg;https://www.theatre-tribunal.fr/wp-content/uploads/2023/12/Prog-Tribunal-2024_125.jpg
Le Tribunal;Victor Rossi;2024-04-25;https://www.theatre-tribunal.fr/wp-content/uploads/2023/12/1-minute-de-silence-Affiche.jpg;http://ProgTribunal2024_128
Le Tribunal;Victor Rossi;2024-04-26;https://www.theatre-tribunal.fr/wp-content/uploads/2023/12/1-minute-de-silence-Affiche.jpg;http://ProgTribunal2024_128
Le Tribunal;Victor Rossi;2024-04-27;https://www.theatre-tribunal.fr/wp-content/uploads/2023/12/1-minute-de-silence-Affiche.jpg;http://ProgTribunal2024_128
Le Tribunal;Zéli et Loli à la mer;2024-04-27;https://www.theatre-tribunal.fr/wp-content/uploads/2023/12/Affiche-Zeli-mer.jpg;https://www.theatre-tribunal.fr/wp-content/uploads/2023/12/Prog-Tribunal-2024_129.jpg
Le Tribunal;Zéli et Loli à la mer;2024-04-28;https://www.theatre-tribunal.fr/wp-content/uploads/2023/12/Affiche-Zeli-mer.jpg;https://www.theatre-tribunal.fr/wp-content/uploads/2023/12/Prog-Tribunal-2024_129.jpg
Le Tribunal;Les Oreillers;2024-05-02;https://www.theatre-tribunal.fr/wp-content/uploads/2023/12/WhatsApp-Image-2023-12-09-at-23.37.18.jpeg;https://www.theatre-tribunal.fr/wp-content/uploads/2023/12/Prog-Tribunal-2024_130.jpg
Le Tribunal;Les Oreillers;2024-05-03;https://www.theatre-tribunal.fr/wp-content/uploads/2023/12/WhatsApp-Image-2023-12-09-at-23.37.18.jpeg;https://www.theatre-tribunal.fr/wp-content/uploads/2023/12/Prog-Tribunal-2024_130.jpg
Le Tribunal;Les Oreillers;2024-05-04;https://www.theatre-tribunal.fr/wp-content/uploads/2023/12/WhatsApp-Image-2023-12-09-at-23.37.18.jpeg;https://www.theatre-tribunal.fr/wp-content/uploads/2023/12/Prog-Tribunal-2024_130.jpg
Le Tribunal;Jeremy Charbonnel;2024-05-09;https://www.theatre-tribunal.fr/wp-content/uploads/2023/12/Jeremy-Charbonnel-11.jpg;https://www.theatre-tribunal.fr/wp-content/uploads/2023/12/Prog-Tribunal-2024_131.jpg
Le Tribunal;Jeremy Charbonnel;2024-05-10;https://www.theatre-tribunal.fr/wp-content/uploads/2023/12/Jeremy-Charbonnel-11.jpg;https://www.theatre-tribunal.fr/wp-content/uploads/2023/12/Prog-Tribunal-2024_131.jpg
Le Tribunal;Jeremy Charbonnel;2024-05-11;https://www.theatre-tribunal.fr/wp-content/uploads/2023/12/Jeremy-Charbonnel-11.jpg;https://www.theatre-tribunal.fr/wp-content/uploads/2023/12/Prog-Tribunal-2024_131.jpg
Le Tribunal;Complices;2024-05-16;https://www.theatre-tribunal.fr/wp-content/uploads/2023/12/Affiche-COMPLICES-HD.jpg;https://www.theatre-tribunal.fr/wp-content/uploads/2023/12/Prog-Tribunal-2024_132.jpg
Le Tribunal;Complices;2024-05-17;https://www.theatre-tribunal.fr/wp-content/uploads/2023/12/Affiche-COMPLICES-HD.jpg;https://www.theatre-tribunal.fr/wp-content/uploads/2023/12/Prog-Tribunal-2024_132.jpg
Le Tribunal;Complices;2024-05-18;https://www.theatre-tribunal.fr/wp-content/uploads/2023/12/Affiche-COMPLICES-HD.jpg;https://www.theatre-tribunal.fr/wp-content/uploads/2023/12/Prog-Tribunal-2024_132.jpg
Le Tribunal;Pia et l’étoile magique;2024-05-19;https://www.theatre-tribunal.fr/wp-content/uploads/2023/12/PIA-AFFICHE.jpg;https://www.theatre-tribunal.fr/wp-content/uploads/2023/12/Prog-Tribunal-2024_133.jpg
Le Tribunal;La candidate;2024-05-23;https://www.theatre-tribunal.fr/wp-content/uploads/2023/12/WhatsApp-Image-2023-12-15-at-10.14.59.jpeg;https://www.theatre-tribunal.fr/wp-content/uploads/2023/12/Prog-Tribunal-2024_134.jpg
Le Tribunal;La candidate;2024-05-24;https://www.theatre-tribunal.fr/wp-content/uploads/2023/12/WhatsApp-Image-2023-12-15-at-10.14.59.jpeg;https://www.theatre-tribunal.fr/wp-content/uploads/2023/12/Prog-Tribunal-2024_134.jpg
Le Tribunal;La candidate;2024-05-25;https://www.theatre-tribunal.fr/wp-content/uploads/2023/12/WhatsApp-Image-2023-12-15-at-10.14.59.jpeg;https://www.theatre-tribunal.fr/wp-content/uploads/2023/12/Prog-Tribunal-2024_134.jpg
