Antibea;Le tartuffe;2024-01-19;https://www.theatre-antibea.fr/wp-content/uploads/2023/07/05_A_LeTartuffe_WEB-598x846.jpg;https://www.theatre-antibea.fr/event/le-tartuffe-ou-lhypocrite/2024-01-19/
Antibea;Le tartuffe;2024-01-20;https://www.theatre-antibea.fr/wp-content/uploads/2023/07/05_A_LeTartuffe_WEB-598x846.jpg;https://www.theatre-antibea.fr/event/le-tartuffe-ou-lhypocrite/2024-01-19/
Antibea;Le tartuffe;2024-01-21;https://www.theatre-antibea.fr/wp-content/uploads/2023/07/05_A_LeTartuffe_WEB-598x846.jpg;https://www.theatre-antibea.fr/event/le-tartuffe-ou-lhypocrite/2024-01-19/
Antibea;Le tartuffe;2024-01-26;https://www.theatre-antibea.fr/wp-content/uploads/2023/07/05_A_LeTartuffe_WEB-598x846.jpg;https://www.theatre-antibea.fr/event/le-tartuffe-ou-lhypocrite/2024-01-19/
Antibea;Le tartuffe;2024-01-27;https://www.theatre-antibea.fr/wp-content/uploads/2023/07/05_A_LeTartuffe_WEB-598x846.jpg;https://www.theatre-antibea.fr/event/le-tartuffe-ou-lhypocrite/2024-01-19/
Antibea;Le tartuffe;2024-01-28;https://www.theatre-antibea.fr/wp-content/uploads/2023/07/05_A_LeTartuffe_WEB-598x846.jpg;https://www.theatre-antibea.fr/event/le-tartuffe-ou-lhypocrite/2024-01-19/
Antibea;Le tartuffe;2024-02-02;https://www.theatre-antibea.fr/wp-content/uploads/2023/07/05_A_LeTartuffe_WEB-598x846.jpg;https://www.theatre-antibea.fr/event/le-tartuffe-ou-lhypocrite/2024-01-19/
Antibea;Le tartuffe;2024-02-03;https://www.theatre-antibea.fr/wp-content/uploads/2023/07/05_A_LeTartuffe_WEB-598x846.jpg;https://www.theatre-antibea.fr/event/le-tartuffe-ou-lhypocrite/2024-01-19/
Antibea;Le tartuffe;2024-02-04;https://www.theatre-antibea.fr/wp-content/uploads/2023/07/05_A_LeTartuffe_WEB-598x846.jpg;https://www.theatre-antibea.fr/event/le-tartuffe-ou-lhypocrite/2024-01-19/
Antibea;Mouvances dans le théâtre contemporain, autour de molière;2024-01-25;https://www.theatre-antibea.fr/wp-content/uploads/2017/11/moliere-et-louisxiv-plume-dhistoire-598x314.jpeg;https://www.theatre-antibea.fr/event/mouvances-dans-le-theatre-contemporain/2024-01-25/
Antibea;Improvisation théâtrale, saison 2023-2024;2024-01-28;https://www.theatre-antibea.fr/wp-content/uploads/2019/07/26042023-Visuel-Impro-2-2-598x896.jpeg;https://www.theatre-antibea.fr/event/improvisation-2/2024-01-28/
Antibea;Improvisation théâtrale, saison 2023-2024;2024-02-25;https://www.theatre-antibea.fr/wp-content/uploads/2019/07/26042023-Visuel-Impro-2-2-598x896.jpeg;https://www.theatre-antibea.fr/event/improvisation-2/2024-01-28/
Antibea;Improvisation théâtrale, saison 2023-2024;2024-03-31;https://www.theatre-antibea.fr/wp-content/uploads/2019/07/26042023-Visuel-Impro-2-2-598x896.jpeg;https://www.theatre-antibea.fr/event/improvisation-2/2024-01-28/
Antibea;Improvisation théâtrale, saison 2023-2024;2024-04-21;https://www.theatre-antibea.fr/wp-content/uploads/2019/07/26042023-Visuel-Impro-2-2-598x896.jpeg;https://www.theatre-antibea.fr/event/improvisation-2/2024-01-28/
Antibea;Mademoiselle julie;2024-02-09;https://www.theatre-antibea.fr/wp-content/uploads/2022/08/mbd-20220621-Mademoiselle_Julie-Antibes_MBD4770-598x399.jpg;https://www.theatre-antibea.fr/event/mademoiselle-julie/2024-02-09/
Antibea;Mademoiselle julie;2024-02-10;https://www.theatre-antibea.fr/wp-content/uploads/2022/08/mbd-20220621-Mademoiselle_Julie-Antibes_MBD4770-598x399.jpg;https://www.theatre-antibea.fr/event/mademoiselle-julie/2024-02-09/
Antibea;Mademoiselle julie;2024-02-11;https://www.theatre-antibea.fr/wp-content/uploads/2022/08/mbd-20220621-Mademoiselle_Julie-Antibes_MBD4770-598x399.jpg;https://www.theatre-antibea.fr/event/mademoiselle-julie/2024-02-09/
Antibea;Mademoiselle julie;2024-02-16;https://www.theatre-antibea.fr/wp-content/uploads/2022/08/mbd-20220621-Mademoiselle_Julie-Antibes_MBD4770-598x399.jpg;https://www.theatre-antibea.fr/event/mademoiselle-julie/2024-02-09/
Antibea;Mademoiselle julie;2024-02-17;https://www.theatre-antibea.fr/wp-content/uploads/2022/08/mbd-20220621-Mademoiselle_Julie-Antibes_MBD4770-598x399.jpg;https://www.theatre-antibea.fr/event/mademoiselle-julie/2024-02-09/
Antibea;Mademoiselle julie;2024-02-18;https://www.theatre-antibea.fr/wp-content/uploads/2022/08/mbd-20220621-Mademoiselle_Julie-Antibes_MBD4770-598x399.jpg;https://www.theatre-antibea.fr/event/mademoiselle-julie/2024-02-09/
Antibea;Pièce de vie;2024-02-15;https://www.theatre-antibea.fr/wp-content/uploads/2023/08/vie-598x501.jpg;https://www.theatre-antibea.fr/event/piece-de-vie/2024-02-15/
Antibea;Discours à la nation;2024-02-23;https://www.theatre-antibea.fr/wp-content/uploads/2023/07/nation-598x501.jpg;https://www.theatre-antibea.fr/event/discours-a-la-nation/2024-02-23/
Antibea;Discours à la nation;2024-02-24;https://www.theatre-antibea.fr/wp-content/uploads/2023/07/nation-598x501.jpg;https://www.theatre-antibea.fr/event/discours-a-la-nation/2024-02-23/
Antibea;Discours à la nation;2024-02-25;https://www.theatre-antibea.fr/wp-content/uploads/2023/07/nation-598x501.jpg;https://www.theatre-antibea.fr/event/discours-a-la-nation/2024-02-23/
Antibea;Stage saint-valentin;2024-02-26;https://www.theatre-antibea.fr/wp-content/uploads/2022/09/amour-598x501.jpg;https://www.theatre-antibea.fr/event/stage-saint-valentin/2024-02-26/
Antibea;Stage saint-valentin;2024-02-27;https://www.theatre-antibea.fr/wp-content/uploads/2022/09/amour-598x501.jpg;https://www.theatre-antibea.fr/event/stage-saint-valentin/2024-02-26/
Antibea;Stage saint-valentin;2024-02-29;https://www.theatre-antibea.fr/wp-content/uploads/2022/09/amour-598x501.jpg;https://www.theatre-antibea.fr/event/stage-saint-valentin/2024-02-26/
Antibea;Stage saint-valentin;2024-03-01;https://www.theatre-antibea.fr/wp-content/uploads/2022/09/amour-598x501.jpg;https://www.theatre-antibea.fr/event/stage-saint-valentin/2024-02-26/
Antibea;Prince sans rire;2024-02-27;https://www.theatre-antibea.fr/wp-content/uploads/2023/08/affiche-Prince-sans-rire-598x845.jpg;https://www.theatre-antibea.fr/event/prince-sans-rire/2024-02-27/
Antibea;Tableau d’une execution;2024-03-01;https://www.theatre-antibea.fr/wp-content/uploads/2023/07/photo-598x744.jpg;https://www.theatre-antibea.fr/event/tableau-dune-execution/2024-03-01/
Antibea;Tableau d’une execution;2024-03-02;https://www.theatre-antibea.fr/wp-content/uploads/2023/07/photo-598x744.jpg;https://www.theatre-antibea.fr/event/tableau-dune-execution/2024-03-01/
Antibea;Tableau d’une execution;2024-03-03;https://www.theatre-antibea.fr/wp-content/uploads/2023/07/photo-598x744.jpg;https://www.theatre-antibea.fr/event/tableau-dune-execution/2024-03-01/
Antibea;Tableau d’une execution;2024-03-08;https://www.theatre-antibea.fr/wp-content/uploads/2023/07/photo-598x744.jpg;https://www.theatre-antibea.fr/event/tableau-dune-execution/2024-03-01/
Antibea;Tableau d’une execution;2024-03-09;https://www.theatre-antibea.fr/wp-content/uploads/2023/07/photo-598x744.jpg;https://www.theatre-antibea.fr/event/tableau-dune-execution/2024-03-01/
Antibea;Tableau d’une execution;2024-03-10;https://www.theatre-antibea.fr/wp-content/uploads/2023/07/photo-598x744.jpg;https://www.theatre-antibea.fr/event/tableau-dune-execution/2024-03-01/
Antibea;Tableau d’une execution;2024-03-15;https://www.theatre-antibea.fr/wp-content/uploads/2023/07/photo-598x744.jpg;https://www.theatre-antibea.fr/event/tableau-dune-execution/2024-03-01/
Antibea;Tableau d’une execution;2024-03-16;https://www.theatre-antibea.fr/wp-content/uploads/2023/07/photo-598x744.jpg;https://www.theatre-antibea.fr/event/tableau-dune-execution/2024-03-01/
Antibea;Tableau d’une execution;2024-03-17;https://www.theatre-antibea.fr/wp-content/uploads/2023/07/photo-598x744.jpg;https://www.theatre-antibea.fr/event/tableau-dune-execution/2024-03-01/
Antibea;Tito;2024-03-05;https://www.theatre-antibea.fr/wp-content/uploads/2022/08/IMG-20230207-WA0002-598x399.jpg;https://www.theatre-antibea.fr/event/tito/2024-03-05/
Antibea;Printemps des poètes;2024-03-14;https://www.theatre-antibea.fr/wp-content/uploads/2017/11/printemps-598x897.jpg;https://www.theatre-antibea.fr/event/printemps-des-poetes/2024-03-14/
Antibea;Trahisons;2024-03-22;https://www.theatre-antibea.fr/wp-content/uploads/2023/08/Trahisons-web-598x896.jpg;https://www.theatre-antibea.fr/event/trahisons/2024-03-22/
Antibea;Trahisons;2024-03-23;https://www.theatre-antibea.fr/wp-content/uploads/2023/08/Trahisons-web-598x896.jpg;https://www.theatre-antibea.fr/event/trahisons/2024-03-22/
Antibea;Trahisons;2024-03-24;https://www.theatre-antibea.fr/wp-content/uploads/2023/08/Trahisons-web-598x896.jpg;https://www.theatre-antibea.fr/event/trahisons/2024-03-22/
Antibea;Trahisons;2024-03-29;https://www.theatre-antibea.fr/wp-content/uploads/2023/08/Trahisons-web-598x896.jpg;https://www.theatre-antibea.fr/event/trahisons/2024-03-22/
Antibea;Trahisons;2024-03-30;https://www.theatre-antibea.fr/wp-content/uploads/2023/08/Trahisons-web-598x896.jpg;https://www.theatre-antibea.fr/event/trahisons/2024-03-22/
Antibea;Trahisons;2024-03-31;https://www.theatre-antibea.fr/wp-content/uploads/2023/08/Trahisons-web-598x896.jpg;https://www.theatre-antibea.fr/event/trahisons/2024-03-22/
Antibea;Trahisons;2024-04-05;https://www.theatre-antibea.fr/wp-content/uploads/2023/08/Trahisons-web-598x896.jpg;https://www.theatre-antibea.fr/event/trahisons/2024-03-22/
Antibea;Trahisons;2024-04-06;https://www.theatre-antibea.fr/wp-content/uploads/2023/08/Trahisons-web-598x896.jpg;https://www.theatre-antibea.fr/event/trahisons/2024-03-22/
Antibea;Trahisons;2024-04-07;https://www.theatre-antibea.fr/wp-content/uploads/2023/08/Trahisons-web-598x896.jpg;https://www.theatre-antibea.fr/event/trahisons/2024-03-22/
Antibea;Hollywood;2024-04-04;https://www.theatre-antibea.fr/wp-content/uploads/2023/08/Visuel-programme-2-598x598.jpg;https://www.theatre-antibea.fr/event/hollywood/2024-04-04/
Antibea;Les 7 péchés capitaux;2024-04-12;https://www.theatre-antibea.fr/wp-content/uploads/2023/08/capitaux-598x359.jpg;https://www.theatre-antibea.fr/event/les-7-peches-capitaux/2024-04-12/
Antibea;Les 7 péchés capitaux;2024-04-13;https://www.theatre-antibea.fr/wp-content/uploads/2023/08/capitaux-598x359.jpg;https://www.theatre-antibea.fr/event/les-7-peches-capitaux/2024-04-12/
Antibea;Les 7 péchés capitaux;2024-04-14;https://www.theatre-antibea.fr/wp-content/uploads/2023/08/capitaux-598x359.jpg;https://www.theatre-antibea.fr/event/les-7-peches-capitaux/2024-04-12/
Antibea;Les 7 péchés capitaux;2024-04-19;https://www.theatre-antibea.fr/wp-content/uploads/2023/08/capitaux-598x359.jpg;https://www.theatre-antibea.fr/event/les-7-peches-capitaux/2024-04-12/
Antibea;Les 7 péchés capitaux;2024-04-20;https://www.theatre-antibea.fr/wp-content/uploads/2023/08/capitaux-598x359.jpg;https://www.theatre-antibea.fr/event/les-7-peches-capitaux/2024-04-12/
Antibea;Les 7 péchés capitaux;2024-04-21;https://www.theatre-antibea.fr/wp-content/uploads/2023/08/capitaux-598x359.jpg;https://www.theatre-antibea.fr/event/les-7-peches-capitaux/2024-04-12/
Antibea;Les 7 péchés capitaux;2024-04-26;https://www.theatre-antibea.fr/wp-content/uploads/2023/08/capitaux-598x359.jpg;https://www.theatre-antibea.fr/event/les-7-peches-capitaux/2024-04-12/
Antibea;Les 7 péchés capitaux;2024-04-27;https://www.theatre-antibea.fr/wp-content/uploads/2023/08/capitaux-598x359.jpg;https://www.theatre-antibea.fr/event/les-7-peches-capitaux/2024-04-12/
Antibea;Les 7 péchés capitaux;2024-04-28;https://www.theatre-antibea.fr/wp-content/uploads/2023/08/capitaux-598x359.jpg;https://www.theatre-antibea.fr/event/les-7-peches-capitaux/2024-04-12/
Antibea;Andiamo;2024-04-18;https://www.theatre-antibea.fr/wp-content/uploads/2023/08/IMG_9619-598x628.jpg;https://www.theatre-antibea.fr/event/andiamo/2024-04-18/
Antibea;Stage de boulevard;2024-04-22;https://www.theatre-antibea.fr/wp-content/uploads/2022/09/courteline2-598x501.jpg;https://www.theatre-antibea.fr/event/stage-de-boulevard/2024-04-22/
Antibea;Stage de boulevard;2024-04-23;https://www.theatre-antibea.fr/wp-content/uploads/2022/09/courteline2-598x501.jpg;https://www.theatre-antibea.fr/event/stage-de-boulevard/2024-04-22/
Antibea;Stage de boulevard;2024-04-25;https://www.theatre-antibea.fr/wp-content/uploads/2022/09/courteline2-598x501.jpg;https://www.theatre-antibea.fr/event/stage-de-boulevard/2024-04-22/
Antibea;Stage de boulevard;2024-04-26;https://www.theatre-antibea.fr/wp-content/uploads/2022/09/courteline2-598x501.jpg;https://www.theatre-antibea.fr/event/stage-de-boulevard/2024-04-22/
Antibea;Méli – mélo et le livre ensorcelé;2024-04-23;https://www.theatre-antibea.fr/wp-content/uploads/2021/08/AFFICHE-meli-melo-1-598x851.jpg;https://www.theatre-antibea.fr/event/meli-melo/2024-04-23/
Antibea;Frérot et sœurette;2024-04-30;https://www.theatre-antibea.fr/wp-content/uploads/2023/08/fs-598x598.png;https://www.theatre-antibea.fr/event/frerot-et-soeurette-librement-adapte-du-conte-des-freres-grimm/2024-04-30/
Antibea;Le chat;2024-05-03;https://www.theatre-antibea.fr/wp-content/uploads/2023/08/Le-chat-13-1-598x399.jpg;https://www.theatre-antibea.fr/event/le-chat/2024-05-03/
Antibea;Le chat;2024-05-04;https://www.theatre-antibea.fr/wp-content/uploads/2023/08/Le-chat-13-1-598x399.jpg;https://www.theatre-antibea.fr/event/le-chat/2024-05-03/
Antibea;Le chat;2024-05-05;https://www.theatre-antibea.fr/wp-content/uploads/2023/08/Le-chat-13-1-598x399.jpg;https://www.theatre-antibea.fr/event/le-chat/2024-05-03/
Antibea;Musée haut, musée bas;2024-05-10;https://www.theatre-antibea.fr/wp-content/uploads/2023/08/visuel-programme-598x846.jpg;https://www.theatre-antibea.fr/event/musee-haut-musee-bas-2/2024-05-10/
Antibea;Musée haut, musée bas;2024-05-11;https://www.theatre-antibea.fr/wp-content/uploads/2023/08/visuel-programme-598x846.jpg;https://www.theatre-antibea.fr/event/musee-haut-musee-bas-2/2024-05-10/
Antibea;Musée haut, musée bas;2024-05-12;https://www.theatre-antibea.fr/wp-content/uploads/2023/08/visuel-programme-598x846.jpg;https://www.theatre-antibea.fr/event/musee-haut-musee-bas-2/2024-05-10/
Antibea;Musée haut, musée bas;2024-05-17;https://www.theatre-antibea.fr/wp-content/uploads/2023/08/visuel-programme-598x846.jpg;https://www.theatre-antibea.fr/event/musee-haut-musee-bas-2/2024-05-10/
Antibea;Musée haut, musée bas;2024-05-18;https://www.theatre-antibea.fr/wp-content/uploads/2023/08/visuel-programme-598x846.jpg;https://www.theatre-antibea.fr/event/musee-haut-musee-bas-2/2024-05-10/
Antibea;Musée haut, musée bas;2024-05-19;https://www.theatre-antibea.fr/wp-content/uploads/2023/08/visuel-programme-598x846.jpg;https://www.theatre-antibea.fr/event/musee-haut-musee-bas-2/2024-05-10/
Antibea;Musée haut, musée bas;2024-05-24;https://www.theatre-antibea.fr/wp-content/uploads/2023/08/visuel-programme-598x846.jpg;https://www.theatre-antibea.fr/event/musee-haut-musee-bas-2/2024-05-10/
Antibea;Musée haut, musée bas;2024-05-25;https://www.theatre-antibea.fr/wp-content/uploads/2023/08/visuel-programme-598x846.jpg;https://www.theatre-antibea.fr/event/musee-haut-musee-bas-2/2024-05-10/
Antibea;Musée haut, musée bas;2024-05-26;https://www.theatre-antibea.fr/wp-content/uploads/2023/08/visuel-programme-598x846.jpg;https://www.theatre-antibea.fr/event/musee-haut-musee-bas-2/2024-05-10/
Antibea;L’effet splash;2024-05-16;https://www.theatre-antibea.fr/wp-content/uploads/2023/08/image-seule-rencontre-antibea-598x423.jpg;https://www.theatre-antibea.fr/event/leffet-splash/2024-05-16/
Antibea;Le chemin de traverse;2024-05-30;https://www.theatre-antibea.fr/wp-content/uploads/2023/08/LOGO-VINCENT-PLANASTEL-a-travailler-598x388.jpeg;https://www.theatre-antibea.fr/event/le-chemin-de-traverse/2024-05-30/
Antibea;Week-end impro;2024-05-31;https://www.theatre-antibea.fr/wp-content/uploads/2018/04/MBD3406-598x896.jpg;https://www.theatre-antibea.fr/event/impro-evolution-2/2024-05-31/
Antibea;Week-end impro;2024-06-01;https://www.theatre-antibea.fr/wp-content/uploads/2018/04/MBD3406-598x896.jpg;https://www.theatre-antibea.fr/event/impro-evolution-2/2024-05-31/
Antibea;Week-end impro;2024-06-02;https://www.theatre-antibea.fr/wp-content/uploads/2018/04/MBD3406-598x896.jpg;https://www.theatre-antibea.fr/event/impro-evolution-2/2024-05-31/
Antibea;(re) vivre;2024-06-07;https://www.theatre-antibea.fr/wp-content/uploads/2023/08/RE-VIVRE2-Photo-598x797.jpeg;https://www.theatre-antibea.fr/event/re-vivre/2024-06-07/
Antibea;(re) vivre;2024-06-08;https://www.theatre-antibea.fr/wp-content/uploads/2023/08/RE-VIVRE2-Photo-598x797.jpeg;https://www.theatre-antibea.fr/event/re-vivre/2024-06-07/
Antibea;(re) vivre;2024-06-09;https://www.theatre-antibea.fr/wp-content/uploads/2023/08/RE-VIVRE2-Photo-598x797.jpeg;https://www.theatre-antibea.fr/event/re-vivre/2024-06-07/
Antibea;Esquisse;2024-06-13;https://www.theatre-antibea.fr/wp-content/uploads/2023/08/affiche-598x436.png;https://www.theatre-antibea.fr/event/esquisse/2024-06-13/
Antibea;Stage de juillet;2024-07-08;https://www.theatre-antibea.fr/wp-content/uploads/2022/09/anouilh2-598x501.jpg;https://www.theatre-antibea.fr/event/stage-ete-juillet-2/2024-07-08/
Antibea;Stage de juillet;2024-07-09;https://www.theatre-antibea.fr/wp-content/uploads/2022/09/anouilh2-598x501.jpg;https://www.theatre-antibea.fr/event/stage-ete-juillet-2/2024-07-08/
Antibea;Stage de juillet;2024-07-10;https://www.theatre-antibea.fr/wp-content/uploads/2022/09/anouilh2-598x501.jpg;https://www.theatre-antibea.fr/event/stage-ete-juillet-2/2024-07-08/
Antibea;Stage de juillet;2024-07-11;https://www.theatre-antibea.fr/wp-content/uploads/2022/09/anouilh2-598x501.jpg;https://www.theatre-antibea.fr/event/stage-ete-juillet-2/2024-07-08/
Antibea;Stage de juillet;2024-07-12;https://www.theatre-antibea.fr/wp-content/uploads/2022/09/anouilh2-598x501.jpg;https://www.theatre-antibea.fr/event/stage-ete-juillet-2/2024-07-08/
Antibea;Stage juillet-août;2024-07-29;https://www.theatre-antibea.fr/wp-content/uploads/2022/09/brel-598x501.jpg;https://www.theatre-antibea.fr/event/stage-ete-aout-2/2024-07-29/
Antibea;Stage juillet-août;2024-07-30;https://www.theatre-antibea.fr/wp-content/uploads/2022/09/brel-598x501.jpg;https://www.theatre-antibea.fr/event/stage-ete-aout-2/2024-07-29/
Antibea;Stage juillet-août;2024-07-31;https://www.theatre-antibea.fr/wp-content/uploads/2022/09/brel-598x501.jpg;https://www.theatre-antibea.fr/event/stage-ete-aout-2/2024-07-29/
Antibea;Stage juillet-août;2024-08-01;https://www.theatre-antibea.fr/wp-content/uploads/2022/09/brel-598x501.jpg;https://www.theatre-antibea.fr/event/stage-ete-aout-2/2024-07-29/
Antibea;Stage juillet-août;2024-08-02;https://www.theatre-antibea.fr/wp-content/uploads/2022/09/brel-598x501.jpg;https://www.theatre-antibea.fr/event/stage-ete-aout-2/2024-07-29/
