Anthea;Music on Broadway, concert du nouvel an;2024-01-01;https://www.anthea-antibes.fr/img/spectacles/saison-2023-2024/2023-05-1069-concert-du-nouvel-an.png;https://www.anthea-antibes.fr/fr/spectacles/saison-2023-2024/tout-le-spectacle-vivant/concert-du-nouvel-an
Anthea;Le jour du kiwi;2024-01-10;https://www.anthea-antibes.fr/img/spectacles/saison-2023-2024/2023-05-1006-le-jour-du-kiwi.png;https://www.anthea-antibes.fr/fr/spectacles/saison-2023-2024/privilege-theatre/le-jour-du-kiwi
Anthea;Le jour du kiwi;2024-01-11;https://www.anthea-antibes.fr/img/spectacles/saison-2023-2024/2023-05-1006-le-jour-du-kiwi.png;https://www.anthea-antibes.fr/fr/spectacles/saison-2023-2024/privilege-theatre/le-jour-du-kiwi
Anthea;Le jour du kiwi;2024-01-12;https://www.anthea-antibes.fr/img/spectacles/saison-2023-2024/2023-05-1006-le-jour-du-kiwi.png;https://www.anthea-antibes.fr/fr/spectacles/saison-2023-2024/privilege-theatre/le-jour-du-kiwi
Anthea;Après Barbe-bleue;2024-01-12;https://www.anthea-antibes.fr/img/spectacles/saison-2023-2024/2023-05-1040-apres-barbe-bleue.jpg;https://www.anthea-antibes.fr/fr/spectacles/saison-2023-2024/tout-le-theatre/apres-barbe-bleue
Anthea;Après Barbe-bleue;2024-01-13;https://www.anthea-antibes.fr/img/spectacles/saison-2023-2024/2023-05-1040-apres-barbe-bleue.jpg;https://www.anthea-antibes.fr/fr/spectacles/saison-2023-2024/tout-le-theatre/apres-barbe-bleue
Anthea;Après Barbe-bleue;2024-01-16;https://www.anthea-antibes.fr/img/spectacles/saison-2023-2024/2023-05-1040-apres-barbe-bleue.jpg;https://www.anthea-antibes.fr/fr/spectacles/saison-2023-2024/tout-le-theatre/apres-barbe-bleue
Anthea;Après Barbe-bleue;2024-01-17;https://www.anthea-antibes.fr/img/spectacles/saison-2023-2024/2023-05-1040-apres-barbe-bleue.jpg;https://www.anthea-antibes.fr/fr/spectacles/saison-2023-2024/tout-le-theatre/apres-barbe-bleue
Anthea;Après Barbe-bleue;2024-01-19;https://www.anthea-antibes.fr/img/spectacles/saison-2023-2024/2023-05-1040-apres-barbe-bleue.jpg;https://www.anthea-antibes.fr/fr/spectacles/saison-2023-2024/tout-le-theatre/apres-barbe-bleue
Anthea;Après Barbe-bleue;2024-01-21;https://www.anthea-antibes.fr/img/spectacles/saison-2023-2024/2023-05-1040-apres-barbe-bleue.jpg;https://www.anthea-antibes.fr/fr/spectacles/saison-2023-2024/tout-le-theatre/apres-barbe-bleue
Anthea;Après Barbe-bleue;2024-01-26;https://www.anthea-antibes.fr/img/spectacles/saison-2023-2024/2023-05-1040-apres-barbe-bleue.jpg;https://www.anthea-antibes.fr/fr/spectacles/saison-2023-2024/tout-le-theatre/apres-barbe-bleue
Anthea;Kvetch;2024-01-13;https://www.anthea-antibes.fr/img/spectacles/saison-2023-2024/2023-05-1041-kvetch.png;https://www.anthea-antibes.fr/fr/spectacles/saison-2023-2024/tout-le-theatre/kvetch
Anthea;Dom Juan ou le Festin de pierre;2024-01-16;https://www.anthea-antibes.fr/img/spectacles/saison-2023-2024/2023-05-1042-dom-juan-ou-le-festin-de-pierre.png;https://www.anthea-antibes.fr/fr/spectacles/saison-2023-2024/tout-le-theatre/dom-juan-ou-le-festin-de-pierre
Anthea;Je suis là mais je ne suis pas là;2024-01-19;https://www.anthea-antibes.fr/img/spectacles/saison-2023-2024/2023-05-1023-je-suis-la-mais-je-ne-suis-pas-la.png;https://www.anthea-antibes.fr/fr/spectacles/saison-2023-2024/privilege-spectacle-vivant/je-suis-la-mais-je-ne-suis-pas-la
Anthea;Je suis là mais je ne suis pas là;2024-01-20;https://www.anthea-antibes.fr/img/spectacles/saison-2023-2024/2023-05-1023-je-suis-la-mais-je-ne-suis-pas-la.png;https://www.anthea-antibes.fr/fr/spectacles/saison-2023-2024/privilege-spectacle-vivant/je-suis-la-mais-je-ne-suis-pas-la
Anthea;Hop !;2024-01-23;https://www.anthea-antibes.fr/img/spectacles/saison-2023-2024/2023-05-1007-hop.png;https://www.anthea-antibes.fr/fr/spectacles/saison-2023-2024/privilege-theatre/hop
Anthea;Hop !;2024-01-24;https://www.anthea-antibes.fr/img/spectacles/saison-2023-2024/2023-05-1007-hop.png;https://www.anthea-antibes.fr/fr/spectacles/saison-2023-2024/privilege-theatre/hop
Anthea;Sur la tête des enfants;2024-01-26;https://www.anthea-antibes.fr/img/spectacles/saison-2023-2024/2023-05-1008-sur-la-tete-des-enfants.png;https://www.anthea-antibes.fr/fr/spectacles/saison-2023-2024/privilege-theatre/sur-la-tete-des-enfants
Anthea;Sur la tête des enfants;2024-01-27;https://www.anthea-antibes.fr/img/spectacles/saison-2023-2024/2023-05-1008-sur-la-tete-des-enfants.png;https://www.anthea-antibes.fr/fr/spectacles/saison-2023-2024/privilege-theatre/sur-la-tete-des-enfants
Anthea;Sur la tête des enfants;2024-01-27;https://www.anthea-antibes.fr/img/spectacles/saison-2023-2024/2023-05-1008-sur-la-tete-des-enfants.png;https://www.anthea-antibes.fr/fr/spectacles/saison-2023-2024/privilege-theatre/sur-la-tete-des-enfants
Anthea;Cirque Éloïze, Entre ciel et mer;2024-01-30;https://www.anthea-antibes.fr/img/spectacles/saison-2023-2024/2023-05-1070-cirque-eloize-entre-ciel-et-mer.jpg;https://www.anthea-antibes.fr/fr/spectacles/saison-2023-2024/tout-le-spectacle-vivant/cirque-eloize-entre-ciel-et-mer
Anthea;Cirque Éloïze, Entre ciel et mer;2024-01-31;https://www.anthea-antibes.fr/img/spectacles/saison-2023-2024/2023-05-1070-cirque-eloize-entre-ciel-et-mer.jpg;https://www.anthea-antibes.fr/fr/spectacles/saison-2023-2024/tout-le-spectacle-vivant/cirque-eloize-entre-ciel-et-mer
Anthea;L’Envers du•des corps;2024-02-01;https://www.anthea-antibes.fr/img/spectacles/saison-2023-2024/2023-05-1044-l-envers-du-bull-des-corps.jpg;https://www.anthea-antibes.fr/fr/spectacles/saison-2023-2024/tout-le-theatre/l-envers-du-des-corps
Anthea;L’Envers du•des corps;2024-02-02;https://www.anthea-antibes.fr/img/spectacles/saison-2023-2024/2023-05-1044-l-envers-du-bull-des-corps.jpg;https://www.anthea-antibes.fr/fr/spectacles/saison-2023-2024/tout-le-theatre/l-envers-du-des-corps
Anthea;Sens dessus dessous;2024-02-02;https://www.anthea-antibes.fr/img/spectacles/saison-2023-2024/2023-05-1009-sens-dessus-dessous.png;https://www.anthea-antibes.fr/fr/spectacles/saison-2023-2024/privilege-theatre/sens-dessus-dessous
Anthea;Sens dessus dessous;2024-02-03;https://www.anthea-antibes.fr/img/spectacles/saison-2023-2024/2023-05-1009-sens-dessus-dessous.png;https://www.anthea-antibes.fr/fr/spectacles/saison-2023-2024/privilege-theatre/sens-dessus-dessous
Anthea;Cabaret New Burlesque, Best Of;2024-02-06;https://www.anthea-antibes.fr/img/spectacles/saison-2023-2024/2023-05-1072-cabaret-new-burlesque.jpg;https://www.anthea-antibes.fr/fr/spectacles/saison-2023-2024/tout-le-spectacle-vivant/cabaret-new-burlesque-best-of
Anthea;Cabaret New Burlesque, Best Of;2024-02-07;https://www.anthea-antibes.fr/img/spectacles/saison-2023-2024/2023-05-1072-cabaret-new-burlesque.jpg;https://www.anthea-antibes.fr/fr/spectacles/saison-2023-2024/tout-le-spectacle-vivant/cabaret-new-burlesque-best-of
Anthea;Le Cabaret de monsieur Mouche;2024-02-07;https://www.anthea-antibes.fr/img/spectacles/saison-2023-2024/2023-05-1073-le-cabaret-de-monsieur-mouche.png;https://www.anthea-antibes.fr/fr/spectacles/saison-2023-2024/tout-le-spectacle-vivant/le-cabaret-de-monsieur-mouche
Anthea;Le Cabaret de monsieur Mouche;2024-02-09;https://www.anthea-antibes.fr/img/spectacles/saison-2023-2024/2023-05-1073-le-cabaret-de-monsieur-mouche.png;https://www.anthea-antibes.fr/fr/spectacles/saison-2023-2024/tout-le-spectacle-vivant/le-cabaret-de-monsieur-mouche
Anthea;Ibrahim Maalouf, Les Trompettes de Michel-Ange (T.O.M.A.);2024-02-08;https://www.anthea-antibes.fr/img/spectacles/saison-2023-2024/2023-12-1024-ibrahim-maalouf.png;https://www.anthea-antibes.fr/fr/spectacles/saison-2023-2024/privilege-spectacle-vivant/ibrahim-maalouf
Anthea;Glenn, naissance d'un prodige;2024-02-09;https://www.anthea-antibes.fr/img/spectacles/saison-2023-2024/2023-05-1045-glenn-naissance-d-rsquo-un-prodige.png;https://www.anthea-antibes.fr/fr/spectacles/saison-2023-2024/tout-le-theatre/glenn-naissance-d-un-prodige
Anthea;Glenn, naissance d'un prodige;2024-02-10;https://www.anthea-antibes.fr/img/spectacles/saison-2023-2024/2023-05-1045-glenn-naissance-d-rsquo-un-prodige.png;https://www.anthea-antibes.fr/fr/spectacles/saison-2023-2024/tout-le-theatre/glenn-naissance-d-un-prodige
Anthea;Max Boublil dans son nouveau spectacle Maximilien;2024-02-13;https://www.anthea-antibes.fr/img/spectacles/saison-2023-2024/2023-05-1074-max-boulil.jpg;https://www.anthea-antibes.fr/fr/spectacles/saison-2023-2024/tout-le-spectacle-vivant/max-boublil
Anthea;Hôtel Bellevue;2024-02-15;https://www.anthea-antibes.fr/img/spectacles/saison-2023-2024/2023-05-1075-hotel-bellevue.png;https://www.anthea-antibes.fr/fr/spectacles/saison-2023-2024/tout-le-spectacle-vivant/hotel-bellevue
Anthea;Camille Lellouche, A tour;2024-02-17;https://www.anthea-antibes.fr/img/spectacles/saison-2023-2024/2023-05-1025-camille-lelouche.jpg;https://www.anthea-antibes.fr/fr/spectacles/saison-2023-2024/privilege-spectacle-vivant/camille-lelouche
Anthea;Oublie-moi;2024-02-19;https://www.anthea-antibes.fr/img/spectacles/saison-2023-2024/2023-05-1046-oublie-moi.png;https://www.anthea-antibes.fr/fr/spectacles/saison-2023-2024/tout-le-theatre/oublie-moi
Anthea;Oublie-moi;2024-02-20;https://www.anthea-antibes.fr/img/spectacles/saison-2023-2024/2023-05-1046-oublie-moi.png;https://www.anthea-antibes.fr/fr/spectacles/saison-2023-2024/tout-le-theatre/oublie-moi
Anthea;Oublie-moi;2024-06-07;https://www.anthea-antibes.fr/img/spectacles/saison-2023-2024/2023-05-1046-oublie-moi.png;https://www.anthea-antibes.fr/fr/spectacles/saison-2023-2024/tout-le-theatre/oublie-moi
Anthea;Kiki;2024-02-21;https://www.anthea-antibes.fr/img/spectacles/saison-2023-2024/2023-05-1047-kiki.png;https://www.anthea-antibes.fr/fr/spectacles/saison-2023-2024/tout-le-theatre/kiki
Anthea;Kiki;2024-02-23;https://www.anthea-antibes.fr/img/spectacles/saison-2023-2024/2023-05-1047-kiki.png;https://www.anthea-antibes.fr/fr/spectacles/saison-2023-2024/tout-le-theatre/kiki
Anthea;Le Bruit des loups;2024-02-23;https://www.anthea-antibes.fr/img/spectacles/saison-2023-2024/2023-05-1077-le-bruit-des-loups.png;https://www.anthea-antibes.fr/fr/spectacles/saison-2023-2024/tout-le-spectacle-vivant/le-bruit-des-loups
Anthea;Le Bruit des loups;2024-02-24;https://www.anthea-antibes.fr/img/spectacles/saison-2023-2024/2023-05-1077-le-bruit-des-loups.png;https://www.anthea-antibes.fr/fr/spectacles/saison-2023-2024/tout-le-spectacle-vivant/le-bruit-des-loups
Anthea;Le Bruit des loups;2024-02-25;https://www.anthea-antibes.fr/img/spectacles/saison-2023-2024/2023-05-1077-le-bruit-des-loups.png;https://www.anthea-antibes.fr/fr/spectacles/saison-2023-2024/tout-le-spectacle-vivant/le-bruit-des-loups
Anthea;Fary, Aime-moi si tu peux;2024-03-12;https://www.anthea-antibes.fr/img/spectacles/saison-2023-2024/2023-05-1027-fary.jpeg;https://www.anthea-antibes.fr/fr/spectacles/saison-2023-2024/privilege-spectacle-vivant/fary
Anthea;Le Meilleur des mondes;2024-03-13;https://www.anthea-antibes.fr/img/spectacles/saison-2023-2024/2023-05-1048-le-meilleur-des-mondes.png;https://www.anthea-antibes.fr/fr/spectacles/saison-2023-2024/tout-le-theatre/le-meilleur-des-mondes
Anthea;Le Meilleur des mondes;2024-03-19;https://www.anthea-antibes.fr/img/spectacles/saison-2023-2024/2023-05-1048-le-meilleur-des-mondes.png;https://www.anthea-antibes.fr/fr/spectacles/saison-2023-2024/tout-le-theatre/le-meilleur-des-mondes
Anthea;Le Meilleur des mondes;2024-03-20;https://www.anthea-antibes.fr/img/spectacles/saison-2023-2024/2023-05-1048-le-meilleur-des-mondes.png;https://www.anthea-antibes.fr/fr/spectacles/saison-2023-2024/tout-le-theatre/le-meilleur-des-mondes
Anthea;Le Meilleur des mondes;2024-03-21;https://www.anthea-antibes.fr/img/spectacles/saison-2023-2024/2023-05-1048-le-meilleur-des-mondes.png;https://www.anthea-antibes.fr/fr/spectacles/saison-2023-2024/tout-le-theatre/le-meilleur-des-mondes
Anthea;Le Meilleur des mondes;2024-03-22;https://www.anthea-antibes.fr/img/spectacles/saison-2023-2024/2023-05-1048-le-meilleur-des-mondes.png;https://www.anthea-antibes.fr/fr/spectacles/saison-2023-2024/tout-le-theatre/le-meilleur-des-mondes
Anthea;Le Meilleur des mondes;2024-03-23;https://www.anthea-antibes.fr/img/spectacles/saison-2023-2024/2023-05-1048-le-meilleur-des-mondes.png;https://www.anthea-antibes.fr/fr/spectacles/saison-2023-2024/tout-le-theatre/le-meilleur-des-mondes
Anthea;Le Meilleur des mondes;2024-03-26;https://www.anthea-antibes.fr/img/spectacles/saison-2023-2024/2023-05-1048-le-meilleur-des-mondes.png;https://www.anthea-antibes.fr/fr/spectacles/saison-2023-2024/tout-le-theatre/le-meilleur-des-mondes
Anthea;Le Meilleur des mondes;2024-03-27;https://www.anthea-antibes.fr/img/spectacles/saison-2023-2024/2023-05-1048-le-meilleur-des-mondes.png;https://www.anthea-antibes.fr/fr/spectacles/saison-2023-2024/tout-le-theatre/le-meilleur-des-mondes
Anthea;Le Meilleur des mondes;2024-03-28;https://www.anthea-antibes.fr/img/spectacles/saison-2023-2024/2023-05-1048-le-meilleur-des-mondes.png;https://www.anthea-antibes.fr/fr/spectacles/saison-2023-2024/tout-le-theatre/le-meilleur-des-mondes
Anthea;Le Meilleur des mondes;2024-03-29;https://www.anthea-antibes.fr/img/spectacles/saison-2023-2024/2023-05-1048-le-meilleur-des-mondes.png;https://www.anthea-antibes.fr/fr/spectacles/saison-2023-2024/tout-le-theatre/le-meilleur-des-mondes
Anthea;Le Meilleur des mondes;2024-04-03;https://www.anthea-antibes.fr/img/spectacles/saison-2023-2024/2023-05-1048-le-meilleur-des-mondes.png;https://www.anthea-antibes.fr/fr/spectacles/saison-2023-2024/tout-le-theatre/le-meilleur-des-mondes
Anthea;Le Meilleur des mondes;2024-04-05;https://www.anthea-antibes.fr/img/spectacles/saison-2023-2024/2023-05-1048-le-meilleur-des-mondes.png;https://www.anthea-antibes.fr/fr/spectacles/saison-2023-2024/tout-le-theatre/le-meilleur-des-mondes
Anthea;Madama Butterfly;2024-03-15;https://www.anthea-antibes.fr/img/spectacles/saison-2023-2024/2023-05-1028-madama-butterfly.png;https://www.anthea-antibes.fr/fr/spectacles/saison-2023-2024/privilege-spectacle-vivant/madama-butterfly
Anthea;Madama Butterfly;2024-03-17;https://www.anthea-antibes.fr/img/spectacles/saison-2023-2024/2023-05-1028-madama-butterfly.png;https://www.anthea-antibes.fr/fr/spectacles/saison-2023-2024/privilege-spectacle-vivant/madama-butterfly
Anthea;L'Idéal club;2024-03-20;https://www.anthea-antibes.fr/img/spectacles/saison-2023-2024/2023-05-1080-l-ideal-club.png;https://www.anthea-antibes.fr/fr/spectacles/saison-2023-2024/tout-le-spectacle-vivant/ideal-club
Anthea;L'Idéal club;2024-03-21;https://www.anthea-antibes.fr/img/spectacles/saison-2023-2024/2023-05-1080-l-ideal-club.png;https://www.anthea-antibes.fr/fr/spectacles/saison-2023-2024/tout-le-spectacle-vivant/ideal-club
Anthea;Le Ciel de Nantes;2024-03-27;https://www.anthea-antibes.fr/img/spectacles/saison-2023-2024/2023-05-1010-le-ciel-de-nantes.png;https://www.anthea-antibes.fr/fr/spectacles/saison-2023-2024/privilege-theatre/le-ciel-de-nantes
Anthea;Le Ciel de Nantes;2024-03-28;https://www.anthea-antibes.fr/img/spectacles/saison-2023-2024/2023-05-1010-le-ciel-de-nantes.png;https://www.anthea-antibes.fr/fr/spectacles/saison-2023-2024/privilege-theatre/le-ciel-de-nantes
Anthea;Nouveau monde;2024-03-30;https://www.anthea-antibes.fr/img/spectacles/saison-2023-2024/2023-05-1081-l-orchestre-national-de-cannes-et-son-academie.png;https://www.anthea-antibes.fr/fr/spectacles/saison-2023-2024/tout-le-spectacle-vivant/l-orchestre-national-de-cannes-et-son-academie
Anthea;Le Meilleur des mondes;2024-03-13;https://www.anthea-antibes.fr/img/spectacles/saison-2023-2024/2023-05-1048-le-meilleur-des-mondes.png;https://www.anthea-antibes.fr/fr/spectacles/saison-2023-2024/tout-le-theatre/le-meilleur-des-mondes
Anthea;Le Meilleur des mondes;2024-03-19;https://www.anthea-antibes.fr/img/spectacles/saison-2023-2024/2023-05-1048-le-meilleur-des-mondes.png;https://www.anthea-antibes.fr/fr/spectacles/saison-2023-2024/tout-le-theatre/le-meilleur-des-mondes
Anthea;Le Meilleur des mondes;2024-03-20;https://www.anthea-antibes.fr/img/spectacles/saison-2023-2024/2023-05-1048-le-meilleur-des-mondes.png;https://www.anthea-antibes.fr/fr/spectacles/saison-2023-2024/tout-le-theatre/le-meilleur-des-mondes
Anthea;Le Meilleur des mondes;2024-03-21;https://www.anthea-antibes.fr/img/spectacles/saison-2023-2024/2023-05-1048-le-meilleur-des-mondes.png;https://www.anthea-antibes.fr/fr/spectacles/saison-2023-2024/tout-le-theatre/le-meilleur-des-mondes
Anthea;Le Meilleur des mondes;2024-03-22;https://www.anthea-antibes.fr/img/spectacles/saison-2023-2024/2023-05-1048-le-meilleur-des-mondes.png;https://www.anthea-antibes.fr/fr/spectacles/saison-2023-2024/tout-le-theatre/le-meilleur-des-mondes
Anthea;Le Meilleur des mondes;2024-03-23;https://www.anthea-antibes.fr/img/spectacles/saison-2023-2024/2023-05-1048-le-meilleur-des-mondes.png;https://www.anthea-antibes.fr/fr/spectacles/saison-2023-2024/tout-le-theatre/le-meilleur-des-mondes
Anthea;Le Meilleur des mondes;2024-03-26;https://www.anthea-antibes.fr/img/spectacles/saison-2023-2024/2023-05-1048-le-meilleur-des-mondes.png;https://www.anthea-antibes.fr/fr/spectacles/saison-2023-2024/tout-le-theatre/le-meilleur-des-mondes
Anthea;Le Meilleur des mondes;2024-03-27;https://www.anthea-antibes.fr/img/spectacles/saison-2023-2024/2023-05-1048-le-meilleur-des-mondes.png;https://www.anthea-antibes.fr/fr/spectacles/saison-2023-2024/tout-le-theatre/le-meilleur-des-mondes
Anthea;Le Meilleur des mondes;2024-03-28;https://www.anthea-antibes.fr/img/spectacles/saison-2023-2024/2023-05-1048-le-meilleur-des-mondes.png;https://www.anthea-antibes.fr/fr/spectacles/saison-2023-2024/tout-le-theatre/le-meilleur-des-mondes
Anthea;Le Meilleur des mondes;2024-03-29;https://www.anthea-antibes.fr/img/spectacles/saison-2023-2024/2023-05-1048-le-meilleur-des-mondes.png;https://www.anthea-antibes.fr/fr/spectacles/saison-2023-2024/tout-le-theatre/le-meilleur-des-mondes
Anthea;Le Meilleur des mondes;2024-04-03;https://www.anthea-antibes.fr/img/spectacles/saison-2023-2024/2023-05-1048-le-meilleur-des-mondes.png;https://www.anthea-antibes.fr/fr/spectacles/saison-2023-2024/tout-le-theatre/le-meilleur-des-mondes
Anthea;Le Meilleur des mondes;2024-04-05;https://www.anthea-antibes.fr/img/spectacles/saison-2023-2024/2023-05-1048-le-meilleur-des-mondes.png;https://www.anthea-antibes.fr/fr/spectacles/saison-2023-2024/tout-le-theatre/le-meilleur-des-mondes
Anthea;Bernard Lavilliers symphonique;2024-04-03;https://www.anthea-antibes.fr/img/spectacles/saison-2023-2024/2023-05-1029-bernard-lavilliers.png;https://www.anthea-antibes.fr/fr/spectacles/saison-2023-2024/privilege-spectacle-vivant/bernard-lavilliers-symphonique
Anthea;Bernard Lavilliers symphonique;2024-04-04;https://www.anthea-antibes.fr/img/spectacles/saison-2023-2024/2023-05-1029-bernard-lavilliers.png;https://www.anthea-antibes.fr/fr/spectacles/saison-2023-2024/privilege-spectacle-vivant/bernard-lavilliers-symphonique
Anthea;Iphigénie;2024-04-06;https://www.anthea-antibes.fr/img/spectacles/saison-2023-2024/2023-05-1049-iphigenie.png;https://www.anthea-antibes.fr/fr/spectacles/saison-2023-2024/tout-le-theatre/iphigenie
Anthea;Pénélope;2024-04-09;https://www.anthea-antibes.fr/img/spectacles/saison-2023-2024/2023-05-1082-penelope.png;https://www.anthea-antibes.fr/fr/spectacles/saison-2023-2024/tout-le-spectacle-vivant/penelope
Anthea;Dance marathon;2024-04-10;https://www.anthea-antibes.fr/img/spectacles/saison-2023-2024/2023-05-1083-dance-marathon.jpg;https://www.anthea-antibes.fr/fr/spectacles/saison-2023-2024/tout-le-spectacle-vivant/dance-marathon
Anthea;Dance marathon;2024-04-11;https://www.anthea-antibes.fr/img/spectacles/saison-2023-2024/2023-05-1083-dance-marathon.jpg;https://www.anthea-antibes.fr/fr/spectacles/saison-2023-2024/tout-le-spectacle-vivant/dance-marathon
Anthea;Lorsque l'enfant paraît;2024-04-11;https://www.anthea-antibes.fr/img/spectacles/saison-2023-2024/2023-05-1013-lorsque-l-rsquo-enfant-parait.png;https://www.anthea-antibes.fr/fr/spectacles/saison-2023-2024/privilege-theatre/lorsque-l-enfant-parait
Anthea;Lorsque l'enfant paraît;2024-04-12;https://www.anthea-antibes.fr/img/spectacles/saison-2023-2024/2023-05-1013-lorsque-l-rsquo-enfant-parait.png;https://www.anthea-antibes.fr/fr/spectacles/saison-2023-2024/privilege-theatre/lorsque-l-enfant-parait
Anthea;Lorsque l'enfant paraît;2024-04-13;https://www.anthea-antibes.fr/img/spectacles/saison-2023-2024/2023-05-1013-lorsque-l-rsquo-enfant-parait.png;https://www.anthea-antibes.fr/fr/spectacles/saison-2023-2024/privilege-theatre/lorsque-l-enfant-parait
Anthea;Lorsque l'enfant paraît;2024-04-14;https://www.anthea-antibes.fr/img/spectacles/saison-2023-2024/2023-05-1013-lorsque-l-rsquo-enfant-parait.png;https://www.anthea-antibes.fr/fr/spectacles/saison-2023-2024/privilege-theatre/lorsque-l-enfant-parait
Anthea;IMMERSION;2024-04-13;https://www.anthea-antibes.fr/img/spectacles/saison-2023-2024/2023-05-1086-immersion.jpg;https://www.anthea-antibes.fr/fr/spectacles/saison-2023-2024/tout-le-spectacle-vivant/immersion
Anthea;IMMERSION;2024-05-25;https://www.anthea-antibes.fr/img/spectacles/saison-2023-2024/2023-05-1086-immersion.jpg;https://www.anthea-antibes.fr/fr/spectacles/saison-2023-2024/tout-le-spectacle-vivant/immersion
Anthea;IMMERSION;2024-06-01;https://www.anthea-antibes.fr/img/spectacles/saison-2023-2024/2023-05-1086-immersion.jpg;https://www.anthea-antibes.fr/fr/spectacles/saison-2023-2024/tout-le-spectacle-vivant/immersion
Anthea;IMMERSION;2024-06-15;https://www.anthea-antibes.fr/img/spectacles/saison-2023-2024/2023-05-1086-immersion.jpg;https://www.anthea-antibes.fr/fr/spectacles/saison-2023-2024/tout-le-spectacle-vivant/immersion
Anthea;Zazie dans le métro;2024-04-16;https://www.anthea-antibes.fr/img/spectacles/saison-2023-2024/2023-05-1084-zazie-dans-le-metro.png;https://www.anthea-antibes.fr/fr/spectacles/saison-2023-2024/tout-le-spectacle-vivant/zazie-dans-le-metro
Anthea;Zazie dans le métro;2024-04-17;https://www.anthea-antibes.fr/img/spectacles/saison-2023-2024/2023-05-1084-zazie-dans-le-metro.png;https://www.anthea-antibes.fr/fr/spectacles/saison-2023-2024/tout-le-spectacle-vivant/zazie-dans-le-metro
Anthea;Tadam;2024-04-17;https://www.anthea-antibes.fr/img/spectacles/saison-2023-2024/2023-05-1050-tadam.png;https://www.anthea-antibes.fr/fr/spectacles/saison-2023-2024/tout-le-theatre/tadam
Anthea;Tadam;2024-04-19;https://www.anthea-antibes.fr/img/spectacles/saison-2023-2024/2023-05-1050-tadam.png;https://www.anthea-antibes.fr/fr/spectacles/saison-2023-2024/tout-le-theatre/tadam
Anthea;Tadam;2024-04-20;https://www.anthea-antibes.fr/img/spectacles/saison-2023-2024/2023-05-1050-tadam.png;https://www.anthea-antibes.fr/fr/spectacles/saison-2023-2024/tout-le-theatre/tadam
Anthea;A.D.A. : L’Argent Des Autres;2024-05-14;https://www.anthea-antibes.fr/img/spectacles/saison-2023-2024/2023-05-995-a-d-a-l-argent-des-autres.png;https://www.anthea-antibes.fr/fr/spectacles/saison-2023-2024/l-incontournable/a-d-a-l-argent-des-autres
Anthea;A.D.A. : L’Argent Des Autres;2024-05-15;https://www.anthea-antibes.fr/img/spectacles/saison-2023-2024/2023-05-995-a-d-a-l-argent-des-autres.png;https://www.anthea-antibes.fr/fr/spectacles/saison-2023-2024/l-incontournable/a-d-a-l-argent-des-autres
Anthea;A.D.A. : L’Argent Des Autres;2024-05-16;https://www.anthea-antibes.fr/img/spectacles/saison-2023-2024/2023-05-995-a-d-a-l-argent-des-autres.png;https://www.anthea-antibes.fr/fr/spectacles/saison-2023-2024/l-incontournable/a-d-a-l-argent-des-autres
Anthea;A.D.A. : L’Argent Des Autres;2024-05-21;https://www.anthea-antibes.fr/img/spectacles/saison-2023-2024/2023-05-995-a-d-a-l-argent-des-autres.png;https://www.anthea-antibes.fr/fr/spectacles/saison-2023-2024/l-incontournable/a-d-a-l-argent-des-autres
Anthea;A.D.A. : L’Argent Des Autres;2024-05-22;https://www.anthea-antibes.fr/img/spectacles/saison-2023-2024/2023-05-995-a-d-a-l-argent-des-autres.png;https://www.anthea-antibes.fr/fr/spectacles/saison-2023-2024/l-incontournable/a-d-a-l-argent-des-autres
Anthea;A.D.A. : L’Argent Des Autres;2024-05-23;https://www.anthea-antibes.fr/img/spectacles/saison-2023-2024/2023-05-995-a-d-a-l-argent-des-autres.png;https://www.anthea-antibes.fr/fr/spectacles/saison-2023-2024/l-incontournable/a-d-a-l-argent-des-autres
Anthea;A.D.A. : L’Argent Des Autres;2024-05-24;https://www.anthea-antibes.fr/img/spectacles/saison-2023-2024/2023-05-995-a-d-a-l-argent-des-autres.png;https://www.anthea-antibes.fr/fr/spectacles/saison-2023-2024/l-incontournable/a-d-a-l-argent-des-autres
Anthea;A.D.A. : L’Argent Des Autres;2024-05-25;https://www.anthea-antibes.fr/img/spectacles/saison-2023-2024/2023-05-995-a-d-a-l-argent-des-autres.png;https://www.anthea-antibes.fr/fr/spectacles/saison-2023-2024/l-incontournable/a-d-a-l-argent-des-autres
Anthea;A.D.A. : L’Argent Des Autres;2024-05-28;https://www.anthea-antibes.fr/img/spectacles/saison-2023-2024/2023-05-995-a-d-a-l-argent-des-autres.png;https://www.anthea-antibes.fr/fr/spectacles/saison-2023-2024/l-incontournable/a-d-a-l-argent-des-autres
Anthea;A.D.A. : L’Argent Des Autres;2024-05-29;https://www.anthea-antibes.fr/img/spectacles/saison-2023-2024/2023-05-995-a-d-a-l-argent-des-autres.png;https://www.anthea-antibes.fr/fr/spectacles/saison-2023-2024/l-incontournable/a-d-a-l-argent-des-autres
Anthea;A.D.A. : L’Argent Des Autres;2024-05-30;https://www.anthea-antibes.fr/img/spectacles/saison-2023-2024/2023-05-995-a-d-a-l-argent-des-autres.png;https://www.anthea-antibes.fr/fr/spectacles/saison-2023-2024/l-incontournable/a-d-a-l-argent-des-autres
Anthea;A.D.A. : L’Argent Des Autres;2024-05-31;https://www.anthea-antibes.fr/img/spectacles/saison-2023-2024/2023-05-995-a-d-a-l-argent-des-autres.png;https://www.anthea-antibes.fr/fr/spectacles/saison-2023-2024/l-incontournable/a-d-a-l-argent-des-autres
Anthea;A.D.A. : L’Argent Des Autres;2024-06-01;https://www.anthea-antibes.fr/img/spectacles/saison-2023-2024/2023-05-995-a-d-a-l-argent-des-autres.png;https://www.anthea-antibes.fr/fr/spectacles/saison-2023-2024/l-incontournable/a-d-a-l-argent-des-autres
Anthea;A.D.A. : L’Argent Des Autres;2024-06-02;https://www.anthea-antibes.fr/img/spectacles/saison-2023-2024/2023-05-995-a-d-a-l-argent-des-autres.png;https://www.anthea-antibes.fr/fr/spectacles/saison-2023-2024/l-incontournable/a-d-a-l-argent-des-autres
Anthea;A.D.A. : L’Argent Des Autres;2024-06-04;https://www.anthea-antibes.fr/img/spectacles/saison-2023-2024/2023-05-995-a-d-a-l-argent-des-autres.png;https://www.anthea-antibes.fr/fr/spectacles/saison-2023-2024/l-incontournable/a-d-a-l-argent-des-autres
Anthea;A.D.A. : L’Argent Des Autres;2024-06-05;https://www.anthea-antibes.fr/img/spectacles/saison-2023-2024/2023-05-995-a-d-a-l-argent-des-autres.png;https://www.anthea-antibes.fr/fr/spectacles/saison-2023-2024/l-incontournable/a-d-a-l-argent-des-autres
Anthea;Deux frères;2024-05-14;https://www.anthea-antibes.fr/img/spectacles/saison-2023-2024/2023-05-1051-deux-freres.png;https://www.anthea-antibes.fr/fr/spectacles/saison-2023-2024/tout-le-theatre/deux-freres
Anthea;Deux frères;2024-05-15;https://www.anthea-antibes.fr/img/spectacles/saison-2023-2024/2023-05-1051-deux-freres.png;https://www.anthea-antibes.fr/fr/spectacles/saison-2023-2024/tout-le-theatre/deux-freres
Anthea;Deux frères;2024-05-16;https://www.anthea-antibes.fr/img/spectacles/saison-2023-2024/2023-05-1051-deux-freres.png;https://www.anthea-antibes.fr/fr/spectacles/saison-2023-2024/tout-le-theatre/deux-freres
Anthea;Deux frères;2024-05-17;https://www.anthea-antibes.fr/img/spectacles/saison-2023-2024/2023-05-1051-deux-freres.png;https://www.anthea-antibes.fr/fr/spectacles/saison-2023-2024/tout-le-theatre/deux-freres
Anthea;Carnet de la dernière pluie;2024-05-21;https://www.anthea-antibes.fr/img/spectacles/saison-2023-2024/2023-05-1054-carnet-de-la-derniere-pluie.jpg;https://www.anthea-antibes.fr/fr/spectacles/saison-2023-2024/tout-le-theatre/carnet-de-la-derniere-pluie
Anthea;Carnet de la dernière pluie;2024-05-22;https://www.anthea-antibes.fr/img/spectacles/saison-2023-2024/2023-05-1054-carnet-de-la-derniere-pluie.jpg;https://www.anthea-antibes.fr/fr/spectacles/saison-2023-2024/tout-le-theatre/carnet-de-la-derniere-pluie
Anthea;Carnet de la dernière pluie;2024-05-23;https://www.anthea-antibes.fr/img/spectacles/saison-2023-2024/2023-05-1054-carnet-de-la-derniere-pluie.jpg;https://www.anthea-antibes.fr/fr/spectacles/saison-2023-2024/tout-le-theatre/carnet-de-la-derniere-pluie
Anthea;Carnet de la dernière pluie;2024-05-24;https://www.anthea-antibes.fr/img/spectacles/saison-2023-2024/2023-05-1054-carnet-de-la-derniere-pluie.jpg;https://www.anthea-antibes.fr/fr/spectacles/saison-2023-2024/tout-le-theatre/carnet-de-la-derniere-pluie
Anthea;IMMERSION;2024-04-13;https://www.anthea-antibes.fr/img/spectacles/saison-2023-2024/2023-05-1086-immersion.jpg;https://www.anthea-antibes.fr/fr/spectacles/saison-2023-2024/tout-le-spectacle-vivant/immersion
Anthea;IMMERSION;2024-05-25;https://www.anthea-antibes.fr/img/spectacles/saison-2023-2024/2023-05-1086-immersion.jpg;https://www.anthea-antibes.fr/fr/spectacles/saison-2023-2024/tout-le-spectacle-vivant/immersion
Anthea;IMMERSION;2024-06-01;https://www.anthea-antibes.fr/img/spectacles/saison-2023-2024/2023-05-1086-immersion.jpg;https://www.anthea-antibes.fr/fr/spectacles/saison-2023-2024/tout-le-spectacle-vivant/immersion
Anthea;IMMERSION;2024-06-15;https://www.anthea-antibes.fr/img/spectacles/saison-2023-2024/2023-05-1086-immersion.jpg;https://www.anthea-antibes.fr/fr/spectacles/saison-2023-2024/tout-le-spectacle-vivant/immersion
Anthea;IMMERSION;2024-04-13;https://www.anthea-antibes.fr/img/spectacles/saison-2023-2024/2023-05-1086-immersion.jpg;https://www.anthea-antibes.fr/fr/spectacles/saison-2023-2024/tout-le-spectacle-vivant/immersion
Anthea;IMMERSION;2024-05-25;https://www.anthea-antibes.fr/img/spectacles/saison-2023-2024/2023-05-1086-immersion.jpg;https://www.anthea-antibes.fr/fr/spectacles/saison-2023-2024/tout-le-spectacle-vivant/immersion
Anthea;IMMERSION;2024-06-01;https://www.anthea-antibes.fr/img/spectacles/saison-2023-2024/2023-05-1086-immersion.jpg;https://www.anthea-antibes.fr/fr/spectacles/saison-2023-2024/tout-le-spectacle-vivant/immersion
Anthea;IMMERSION;2024-06-15;https://www.anthea-antibes.fr/img/spectacles/saison-2023-2024/2023-05-1086-immersion.jpg;https://www.anthea-antibes.fr/fr/spectacles/saison-2023-2024/tout-le-spectacle-vivant/immersion
Anthea;A.D.A. : L’Argent Des Autres;2024-05-14;https://www.anthea-antibes.fr/img/spectacles/saison-2023-2024/2023-05-995-a-d-a-l-argent-des-autres.png;https://www.anthea-antibes.fr/fr/spectacles/saison-2023-2024/l-incontournable/a-d-a-l-argent-des-autres
Anthea;A.D.A. : L’Argent Des Autres;2024-05-15;https://www.anthea-antibes.fr/img/spectacles/saison-2023-2024/2023-05-995-a-d-a-l-argent-des-autres.png;https://www.anthea-antibes.fr/fr/spectacles/saison-2023-2024/l-incontournable/a-d-a-l-argent-des-autres
Anthea;A.D.A. : L’Argent Des Autres;2024-05-16;https://www.anthea-antibes.fr/img/spectacles/saison-2023-2024/2023-05-995-a-d-a-l-argent-des-autres.png;https://www.anthea-antibes.fr/fr/spectacles/saison-2023-2024/l-incontournable/a-d-a-l-argent-des-autres
Anthea;A.D.A. : L’Argent Des Autres;2024-05-21;https://www.anthea-antibes.fr/img/spectacles/saison-2023-2024/2023-05-995-a-d-a-l-argent-des-autres.png;https://www.anthea-antibes.fr/fr/spectacles/saison-2023-2024/l-incontournable/a-d-a-l-argent-des-autres
Anthea;A.D.A. : L’Argent Des Autres;2024-05-22;https://www.anthea-antibes.fr/img/spectacles/saison-2023-2024/2023-05-995-a-d-a-l-argent-des-autres.png;https://www.anthea-antibes.fr/fr/spectacles/saison-2023-2024/l-incontournable/a-d-a-l-argent-des-autres
Anthea;A.D.A. : L’Argent Des Autres;2024-05-23;https://www.anthea-antibes.fr/img/spectacles/saison-2023-2024/2023-05-995-a-d-a-l-argent-des-autres.png;https://www.anthea-antibes.fr/fr/spectacles/saison-2023-2024/l-incontournable/a-d-a-l-argent-des-autres
Anthea;A.D.A. : L’Argent Des Autres;2024-05-24;https://www.anthea-antibes.fr/img/spectacles/saison-2023-2024/2023-05-995-a-d-a-l-argent-des-autres.png;https://www.anthea-antibes.fr/fr/spectacles/saison-2023-2024/l-incontournable/a-d-a-l-argent-des-autres
Anthea;A.D.A. : L’Argent Des Autres;2024-05-25;https://www.anthea-antibes.fr/img/spectacles/saison-2023-2024/2023-05-995-a-d-a-l-argent-des-autres.png;https://www.anthea-antibes.fr/fr/spectacles/saison-2023-2024/l-incontournable/a-d-a-l-argent-des-autres
Anthea;A.D.A. : L’Argent Des Autres;2024-05-28;https://www.anthea-antibes.fr/img/spectacles/saison-2023-2024/2023-05-995-a-d-a-l-argent-des-autres.png;https://www.anthea-antibes.fr/fr/spectacles/saison-2023-2024/l-incontournable/a-d-a-l-argent-des-autres
Anthea;A.D.A. : L’Argent Des Autres;2024-05-29;https://www.anthea-antibes.fr/img/spectacles/saison-2023-2024/2023-05-995-a-d-a-l-argent-des-autres.png;https://www.anthea-antibes.fr/fr/spectacles/saison-2023-2024/l-incontournable/a-d-a-l-argent-des-autres
Anthea;A.D.A. : L’Argent Des Autres;2024-05-30;https://www.anthea-antibes.fr/img/spectacles/saison-2023-2024/2023-05-995-a-d-a-l-argent-des-autres.png;https://www.anthea-antibes.fr/fr/spectacles/saison-2023-2024/l-incontournable/a-d-a-l-argent-des-autres
Anthea;A.D.A. : L’Argent Des Autres;2024-05-31;https://www.anthea-antibes.fr/img/spectacles/saison-2023-2024/2023-05-995-a-d-a-l-argent-des-autres.png;https://www.anthea-antibes.fr/fr/spectacles/saison-2023-2024/l-incontournable/a-d-a-l-argent-des-autres
Anthea;A.D.A. : L’Argent Des Autres;2024-06-01;https://www.anthea-antibes.fr/img/spectacles/saison-2023-2024/2023-05-995-a-d-a-l-argent-des-autres.png;https://www.anthea-antibes.fr/fr/spectacles/saison-2023-2024/l-incontournable/a-d-a-l-argent-des-autres
Anthea;A.D.A. : L’Argent Des Autres;2024-06-02;https://www.anthea-antibes.fr/img/spectacles/saison-2023-2024/2023-05-995-a-d-a-l-argent-des-autres.png;https://www.anthea-antibes.fr/fr/spectacles/saison-2023-2024/l-incontournable/a-d-a-l-argent-des-autres
Anthea;A.D.A. : L’Argent Des Autres;2024-06-04;https://www.anthea-antibes.fr/img/spectacles/saison-2023-2024/2023-05-995-a-d-a-l-argent-des-autres.png;https://www.anthea-antibes.fr/fr/spectacles/saison-2023-2024/l-incontournable/a-d-a-l-argent-des-autres
Anthea;A.D.A. : L’Argent Des Autres;2024-06-05;https://www.anthea-antibes.fr/img/spectacles/saison-2023-2024/2023-05-995-a-d-a-l-argent-des-autres.png;https://www.anthea-antibes.fr/fr/spectacles/saison-2023-2024/l-incontournable/a-d-a-l-argent-des-autres
Anthea;Le Secret des secrets;2024-06-05;https://www.anthea-antibes.fr/img/spectacles/saison-2023-2024/2023-05-1055-le-secret-des-secrets.png;https://www.anthea-antibes.fr/fr/spectacles/saison-2023-2024/tout-le-theatre/le-secret-des-secrets
Anthea;Le Secret des secrets;2024-06-06;https://www.anthea-antibes.fr/img/spectacles/saison-2023-2024/2023-05-1055-le-secret-des-secrets.png;https://www.anthea-antibes.fr/fr/spectacles/saison-2023-2024/tout-le-theatre/le-secret-des-secrets
Anthea;Le Secret des secrets;2024-06-07;https://www.anthea-antibes.fr/img/spectacles/saison-2023-2024/2023-05-1055-le-secret-des-secrets.png;https://www.anthea-antibes.fr/fr/spectacles/saison-2023-2024/tout-le-theatre/le-secret-des-secrets
Anthea;Le Secret des secrets;2024-06-08;https://www.anthea-antibes.fr/img/spectacles/saison-2023-2024/2023-05-1055-le-secret-des-secrets.png;https://www.anthea-antibes.fr/fr/spectacles/saison-2023-2024/tout-le-theatre/le-secret-des-secrets
Anthea;Le Secret des secrets;2024-06-08;https://www.anthea-antibes.fr/img/spectacles/saison-2023-2024/2023-05-1055-le-secret-des-secrets.png;https://www.anthea-antibes.fr/fr/spectacles/saison-2023-2024/tout-le-theatre/le-secret-des-secrets
Anthea;Le Secret des secrets;2024-06-09;https://www.anthea-antibes.fr/img/spectacles/saison-2023-2024/2023-05-1055-le-secret-des-secrets.png;https://www.anthea-antibes.fr/fr/spectacles/saison-2023-2024/tout-le-theatre/le-secret-des-secrets
Anthea;Oublie-moi;2024-02-19;https://www.anthea-antibes.fr/img/spectacles/saison-2023-2024/2023-05-1046-oublie-moi.png;https://www.anthea-antibes.fr/fr/spectacles/saison-2023-2024/tout-le-theatre/oublie-moi
Anthea;Oublie-moi;2024-02-20;https://www.anthea-antibes.fr/img/spectacles/saison-2023-2024/2023-05-1046-oublie-moi.png;https://www.anthea-antibes.fr/fr/spectacles/saison-2023-2024/tout-le-theatre/oublie-moi
Anthea;Oublie-moi;2024-06-07;https://www.anthea-antibes.fr/img/spectacles/saison-2023-2024/2023-05-1046-oublie-moi.png;https://www.anthea-antibes.fr/fr/spectacles/saison-2023-2024/tout-le-theatre/oublie-moi
Anthea;Revue de presse;2024-06-11;https://www.anthea-antibes.fr/img/spectacles/saison-2023-2024/2023-05-1085-revue-de-presse.png;https://www.anthea-antibes.fr/fr/spectacles/saison-2023-2024/tout-le-spectacle-vivant/revue-de-presse
Anthea;Le Journal d'Antibes;2024-06-13;https://www.anthea-antibes.fr/img/spectacles/saison-2023-2024/2023-05-1015-le-journal-d-antibes.png;https://www.anthea-antibes.fr/fr/spectacles/saison-2023-2024/privilege-theatre/le-journal-d-antibes
Anthea;Le Journal d'Antibes;2024-06-15;https://www.anthea-antibes.fr/img/spectacles/saison-2023-2024/2023-05-1015-le-journal-d-antibes.png;https://www.anthea-antibes.fr/fr/spectacles/saison-2023-2024/privilege-theatre/le-journal-d-antibes
Anthea;Jarry, Bonhomme;2024-06-18;https://www.anthea-antibes.fr/img/spectacles/saison-2023-2024/2023-05-1030-jarry.png;https://www.anthea-antibes.fr/fr/spectacles/saison-2023-2024/privilege-spectacle-vivant/jarry
Anthea;Jarry, Bonhomme;2024-06-19;https://www.anthea-antibes.fr/img/spectacles/saison-2023-2024/2023-05-1030-jarry.png;https://www.anthea-antibes.fr/fr/spectacles/saison-2023-2024/privilege-spectacle-vivant/jarry
