Harlem Globetrotters;Harlem Globetrotters World Tour;2024-03-16;https://statics.digitick.com/commun/images/upload/events/34/5c/PastilleHarlem_110.png;https://web.digitick.com/index-css5-sharksantibesbasket-pg1.html
Les voiles d'Antibes;Les voiles d'Antibes;2024-05-29;https://www.voilesdantibes.com/wp-content/uploads/2021/11/logo.png;https://www.voilesdantibes.com/
Les voiles d'Antibes;Les voiles d'Antibes;2024-05-30;https://www.voilesdantibes.com/wp-content/uploads/2021/11/logo.png;https://www.voilesdantibes.com/
Les voiles d'Antibes;Les voiles d'Antibes;2024-05-31;https://www.voilesdantibes.com/wp-content/uploads/2021/11/logo.png;https://www.voilesdantibes.com/
Les voiles d'Antibes;Les voiles d'Antibes;2024-06-01;https://www.voilesdantibes.com/wp-content/uploads/2021/11/logo.png;https://www.voilesdantibes.com/
Les voiles d'Antibes;Les voiles d'Antibes;2024-06-02;https://www.voilesdantibes.com/wp-content/uploads/2021/11/logo.png;https://www.voilesdantibes.com/
Déantibulations;Déantibulations;2024-06-06;https://www.jds.fr/medias/image/deantibulations-antibes-2-238128-600-600-F.jpg;http://images.acla06.com/deantibulations/programmes/deantibulations-programme-2023.pdf
Déantibulations;Déantibulations;2024-06-07;https://www.jds.fr/medias/image/deantibulations-antibes-2-238128-600-600-F.jpg;http://images.acla06.com/deantibulations/programmes/deantibulations-programme-2023.pdf
Déantibulations;Déantibulations;2024-06-08;https://www.jds.fr/medias/image/deantibulations-antibes-2-238128-600-600-F.jpg;http://images.acla06.com/deantibulations/programmes/deantibulations-programme-2023.pdf
Déantibulations;Déantibulations;2024-06-09;https://www.jds.fr/medias/image/deantibulations-antibes-2-238128-600-600-F.jpg;http://images.acla06.com/deantibulations/programmes/deantibulations-programme-2023.pdf
Azur Freestyle Show;Azur Freestyle Show;2024-06-12;https://www.jds.fr/medias/image/0-90192000-1693482377-256887-600-600-F.webp;https://web.digitick.com/azur-freestyle-sport-provence-alpes-cote-d-azur-css5-otantibesjuanlespins-pg1-rg26675.html
Azur Freestyle Show;Azur Freestyle Show;2024-07-12;https://www.jds.fr/medias/image/0-90192000-1693482377-256887-600-600-F.webp;https://web.digitick.com/azur-freestyle-sport-provence-alpes-cote-d-azur-css5-otantibesjuanlespins-pg1-rg26675.html
Nuits carrées;Nuits carrées;2024-06-27;https://static.wixstatic.com/media/cea21e_50d16bc3ab7f49e6a9b1eaaf51b1a316~mv2.png/v1/crop/x_1,y_0,w_162,h_190/fill/w_86,h_101,al_c,q_85,usm_0.66_1.00_0.01,enc_auto/NC%2318-logo-picto-2024-blanc.png;https://www.nuitscarrees.com/
Nuits carrées;Nuits carrées;2024-06-28;https://static.wixstatic.com/media/cea21e_50d16bc3ab7f49e6a9b1eaaf51b1a316~mv2.png/v1/crop/x_1,y_0,w_162,h_190/fill/w_86,h_101,al_c,q_85,usm_0.66_1.00_0.01,enc_auto/NC%2318-logo-picto-2024-blanc.png;https://www.nuitscarrees.com/
Nuits carrées;Nuits carrées;2024-06-29;https://static.wixstatic.com/media/cea21e_50d16bc3ab7f49e6a9b1eaaf51b1a316~mv2.png/v1/crop/x_1,y_0,w_162,h_190/fill/w_86,h_101,al_c,q_85,usm_0.66_1.00_0.01,enc_auto/NC%2318-logo-picto-2024-blanc.png;https://www.nuitscarrees.com/
Les professeurs en scène;Concert d'ouverture;2024-01-27;https://api.cloudly.space/resize/clip/1200/760/75/aHR0cDovL21lZGlhcy50b3VyaXNtLXN5c3RlbS5jb20vNy9jLzc5NDAyOF9wcm9mZXNzZXVycy1lbi1zY2VuZS1jb3Zlci5qcGc=/image.jpg;https://www.antibesjuanlespins.com/a-voir-a-faire/sortir/agenda-tous-les-evenements/les-professeurs-en-scene-3410296
Les professeurs en scène;Concert en trio;2024-02-04;https://api.cloudly.space/resize/clip/1200/760/75/aHR0cDovL21lZGlhcy50b3VyaXNtLXN5c3RlbS5jb20vNy9jLzc5NDAyOF9wcm9mZXNzZXVycy1lbi1zY2VuZS1jb3Zlci5qcGc=/image.jpg;https://www.antibesjuanlespins.com/a-voir-a-faire/sortir/agenda-tous-les-evenements/les-professeurs-en-scene-3410296
Les professeurs en scène;Concert en trio;2024-02-05;https://api.cloudly.space/resize/clip/1200/760/75/aHR0cDovL21lZGlhcy50b3VyaXNtLXN5c3RlbS5jb20vNy9jLzc5NDAyOF9wcm9mZXNzZXVycy1lbi1zY2VuZS1jb3Zlci5qcGc=/image.jpg;https://www.antibesjuanlespins.com/a-voir-a-faire/sortir/agenda-tous-les-evenements/les-professeurs-en-scene-3410296
Les professeurs en scène;Classique et Jazz;2024-02-17;https://api.cloudly.space/resize/clip/1200/760/75/aHR0cDovL21lZGlhcy50b3VyaXNtLXN5c3RlbS5jb20vNy9jLzc5NDAyOF9wcm9mZXNzZXVycy1lbi1zY2VuZS1jb3Zlci5qcGc=/image.jpg;https://www.antibesjuanlespins.com/a-voir-a-faire/sortir/agenda-tous-les-evenements/les-professeurs-en-scene-3410296
Les professeurs en scène;Duo flûte et harpe;2024-03-17;https://api.cloudly.space/resize/clip/1200/760/75/aHR0cDovL21lZGlhcy50b3VyaXNtLXN5c3RlbS5jb20vNy9jLzc5NDAyOF9wcm9mZXNzZXVycy1lbi1zY2VuZS1jb3Zlci5qcGc=/image.jpg;https://www.antibesjuanlespins.com/a-voir-a-faire/sortir/agenda-tous-les-evenements/les-professeurs-en-scene-3410296
Les professeurs en scène;Duo flûte et harpe;2024-03-18;https://api.cloudly.space/resize/clip/1200/760/75/aHR0cDovL21lZGlhcy50b3VyaXNtLXN5c3RlbS5jb20vNy9jLzc5NDAyOF9wcm9mZXNzZXVycy1lbi1zY2VuZS1jb3Zlci5qcGc=/image.jpg;https://www.antibesjuanlespins.com/a-voir-a-faire/sortir/agenda-tous-les-evenements/les-professeurs-en-scene-3410296
Les professeurs en scène;Soirée quintette;2024-03-23;https://api.cloudly.space/resize/clip/1200/760/75/aHR0cDovL21lZGlhcy50b3VyaXNtLXN5c3RlbS5jb20vNy9jLzc5NDAyOF9wcm9mZXNzZXVycy1lbi1zY2VuZS1jb3Zlci5qcGc=/image.jpg;https://www.antibesjuanlespins.com/a-voir-a-faire/sortir/agenda-tous-les-evenements/les-professeurs-en-scene-3410296
Classic' Antibes;Soirée vents;2024-04-13;https://api.cloudly.space/resize/clip/1200/760/75/aHR0cDovL21lZGlhcy50b3VyaXNtLXN5c3RlbS5jb20vZi84Lzc5NDA0OV9jbGFzc2ljYW50aWJlcy1jb3Zlci5qcGc=/image.jpg;https://www.antibesjuanlespins.com/a-voir-a-faire/sortir/agenda-tous-les-evenements/classic-antibes-3448894;
Classic' Antibes;Soirée cordes;2024-05-18;https://api.cloudly.space/resize/clip/1200/760/75/aHR0cDovL21lZGlhcy50b3VyaXNtLXN5c3RlbS5jb20vZi84Lzc5NDA0OV9jbGFzc2ljYW50aWJlcy1jb3Zlci5qcGc=/image.jpg;https://www.antibesjuanlespins.com/a-voir-a-faire/sortir/agenda-tous-les-evenements/classic-antibes-3448894
Classic' Antibes;Récital;2024-05-25;https://api.cloudly.space/resize/clip/1200/760/75/aHR0cDovL21lZGlhcy50b3VyaXNtLXN5c3RlbS5jb20vZi84Lzc5NDA0OV9jbGFzc2ljYW50aWJlcy1jb3Zlci5qcGc=/image.jpg;https://www.antibesjuanlespins.com/a-voir-a-faire/sortir/agenda-tous-les-evenements/classic-antibes-3448894
Classic' Antibes;Piano soliste;2024-06-02;https://api.cloudly.space/resize/clip/1200/760/75/aHR0cDovL21lZGlhcy50b3VyaXNtLXN5c3RlbS5jb20vZi84Lzc5NDA0OV9jbGFzc2ljYW50aWJlcy1jb3Zlci5qcGc=/image.jpg;https://www.antibesjuanlespins.com/a-voir-a-faire/sortir/agenda-tous-les-evenements/classic-antibes-3448894
